Id,Interests,Situation,Noise,SleepSchedule,Personnality,City
uLxIef40I4IAzwv087,"['Fashion', 'Cars and automobiles', 'Art']",Worker,Noisy,Morning,Introvert,Casablanca
0LSd3oWzU7sVw4J104,"['Food and dining', 'Gaming', 'Sports']",Student,Silent,Night,Extrovert,Casablanca
R5lyLjEeUrkoLKj134,"['Cooking', 'Parenting and family', 'Gaming']",Worker,Silent,Night,Introvert,Tangier
bF69H4qObAkepZY065,"['Books', 'Finance and investments']",Worker,Silent,Night,Extrovert,Agadir
emYEiwSfBfTq8v7115,"['History', 'Pets', 'DIY and crafts']",Student,Silent,Night,Extrovert,Agadir
lJlz0EVUlHfH9vp117,"['Science', 'Movies', 'Books']",Student,Noisy,Night,Extrovert,Oujda
PjiEf3qDpHc0K0D024,['Parenting and family'],Student,Silent,Morning,Introvert,Agadir
2e4S755gVwieuJI033,['Cooking'],Student,Silent,Morning,Introvert,Agadir
YX1Evl30QVajbxq097,"['Parenting and family', 'Photography', 'Fitness', 'Outdoor activities']",Student,Noisy,Morning,Extrovert,Tangier
77i6v5nSDcN5efY031,"['Nature', 'Social causes and activism', 'Fashion', 'Science']",Worker,Noisy,Morning,Extrovert,Rabat
KSfneCaAZedEbxB088,"['Movies', 'Fashion']",Worker,Noisy,Morning,Introvert,Casablanca
EceIHGr5bWDEMgT078,"['Education and learning', 'Photography', 'Technology']",Student,Noisy,Night,Introvert,Tangier
NK7HNbNDxWRp5Cr109,['Business and entrepreneurship'],Worker,Noisy,Night,Introvert,Tangier
ghzEuRyLvh4pIcG135,"['Politics', 'Cooking']",Worker,Noisy,Morning,Introvert,Tangier
tTO4Xu1rUkKhDZN146,"['Business and entrepreneurship', 'Technology', 'History', 'Health and wellness']",Worker,Silent,Morning,Introvert,Casablanca
zxCcMSq1QnaTpFp140,"['Business and entrepreneurship', 'Movies', 'Music', 'Education and learning']",Student,Silent,Morning,Extrovert,Marrakech
tJQbUi67Jq5a1S6031,"['Nature', 'Movies']",Student,Noisy,Morning,Introvert,Casablanca
9RDY2O37bhZDvf5036,"['Cars and automobiles', 'Social causes and activism']",Student,Silent,Night,Introvert,Casablanca
G5ebBlQCBsUyLh9077,"['Politics', 'Nature', 'Technology', 'Finance and investments']",Student,Noisy,Morning,Introvert,Casablanca
gPlUkP5NOPDOIuf132,['Cars and automobiles'],Worker,Silent,Morning,Extrovert,Rabat
gtwkRhfeXaEYsRG157,"['Cars and automobiles', 'Education and learning']",Worker,Silent,Night,Extrovert,Agadir
MyZSzGXchYRPkpk208,['Books'],Worker,Noisy,Morning,Introvert,Tangier
IZh8pqzsov7Rtls170,['Technology'],Student,Noisy,Night,Introvert,Oujda
779NnWOoxaMpPeh099,"['Business and entrepreneurship', 'Art', 'History', 'History']",Student,Noisy,Morning,Extrovert,Oujda
9RJ8MnQliRzOcyv147,"['Business and entrepreneurship', 'Technology', 'Beauty', 'Education and learning']",Worker,Silent,Morning,Introvert,Tangier
CxenH5usYL99wgk107,['Art'],Student,Noisy,Morning,Extrovert,Rabat
PzA2bjTw8Pxyc0o103,"['Business and entrepreneurship', 'Fitness', 'Movies', 'Business and entrepreneurship']",Student,Silent,Morning,Introvert,Rabat
3gIfc5KECl3wQiO043,"['Outdoor activities', 'Gaming']",Student,Silent,Morning,Extrovert,Tangier
pmnaxK1TetEmQnW141,"['Science', 'Books', 'Politics']",Worker,Noisy,Morning,Introvert,Marrakech
RkZ5TKBT85sHNoe099,"['Parenting and family', 'Finance and investments']",Student,Silent,Night,Extrovert,Tangier
o6rBrZ5W8zkOcZL126,"['Fashion', 'History', 'Nature']",Student,Noisy,Morning,Extrovert,Tangier
1skiwQj4dMopbk5072,"['Movies', 'Movies']",Student,Noisy,Morning,Introvert,Marrakech
bJQVBj60zE8fIqH060,"['DIY and crafts', 'Travel']",Student,Silent,Morning,Introvert,Oujda
UsrAozG2HPkSF8I114,"['Science', 'Health and wellness']",Worker,Silent,Night,Extrovert,Marrakech
jgyEUACth1e5Thy092,"['Science', 'Cars and automobiles', 'Pets']",Worker,Noisy,Morning,Extrovert,Rabat
BBYy1rOLeSuioW6126,"['Photography', 'Cooking', 'Food and dining', 'Art']",Worker,Noisy,Morning,Extrovert,Casablanca
mmzcaFmwr0Ur30q087,"['Beauty', 'Gaming']",Worker,Noisy,Night,Extrovert,Marrakech
5tJGGAqObAu32jQ050,"['Music', 'Sports', 'Cooking', 'Travel']",Student,Silent,Morning,Extrovert,Rabat
hGkcTEVtClalIsV134,['Music'],Worker,Silent,Night,Extrovert,Casablanca
m9n05bwk8j5WYAP045,['Fashion'],Student,Noisy,Morning,Introvert,Rabat
OXO6SWp14uZrtBN136,"['Photography', 'Education and learning']",Student,Noisy,Morning,Extrovert,Marrakech
LEwcQPG1eUYr8Tn123,['Social causes and activism'],Worker,Silent,Morning,Extrovert,Fes
7ViJdo89hfGMnKW078,['Outdoor activities'],Worker,Noisy,Night,Introvert,Agadir
1plgiPk0MkrmlD1056,"['Business and entrepreneurship', 'Cooking', 'Business and entrepreneurship', 'Education and learning']",Worker,Noisy,Morning,Introvert,Tangier
RwI1CuZVAmIawmW150,['Food and dining'],Worker,Noisy,Morning,Extrovert,Rabat
DbiuoecseMCfptF107,"['Technology', 'Travel', 'Movies', 'Travel']",Worker,Silent,Night,Introvert,Agadir
8qbxT94KDVscsfR098,"['Movies', 'Food and dining', 'Photography']",Student,Noisy,Night,Extrovert,Oujda
rQw6IcxsQ7D7GVE100,"['History', 'Nature', 'Gaming', 'Movies']",Student,Noisy,Night,Introvert,Fes
3nFQSqRTmLwDfGu144,"['Music', 'Art']",Worker,Noisy,Night,Extrovert,Agadir
claMQrBHQ2fDFCe061,"['Social causes and activism', 'History']",Student,Noisy,Morning,Extrovert,Marrakech
8RaCPQdtfniprRt132,"['Movies', 'Health and wellness', 'Fashion']",Worker,Noisy,Night,Introvert,Tangier
dxwijPx8OPjBdEF120,"['Gaming', 'Pets']",Worker,Noisy,Night,Extrovert,Tangier
MYEBZUACnXvsR9F152,['Pets'],Student,Silent,Night,Introvert,Tangier
FIJcrxHPbRFDdlg107,"['Fitness', 'Sports', 'Business and entrepreneurship', 'Books']",Worker,Silent,Night,Extrovert,Oujda
SeOsslC1ZJ4Nqt7103,['Beauty'],Student,Silent,Morning,Introvert,Agadir
Sf9bLjW1i6sG6Tx069,"['Technology', 'Finance and investments', 'History']",Student,Silent,Night,Extrovert,Casablanca
IYBfngldS3U3TFO094,"['Gaming', 'Technology', 'History']",Worker,Noisy,Morning,Introvert,Oujda
khfyRaKS7VbP4Wk112,"['Travel', 'Nature', 'Technology']",Student,Silent,Night,Introvert,Casablanca
gQHvMqqonwJCbOv165,"['Fitness', 'Social causes and activism', 'Social causes and activism', 'Music']",Worker,Noisy,Night,Extrovert,Marrakech
zawrhzLrfIPaZ07125,"['Food and dining', 'History', 'Fashion']",Student,Silent,Night,Extrovert,Casablanca
pI1zgHwqjqvha4Z123,['DIY and crafts'],Worker,Silent,Morning,Introvert,Fes
6l4YCK3zgC5jOBD032,"['History', 'Science']",Worker,Silent,Night,Extrovert,Rabat
aqjvDFj5TSPtdcz127,['Pets'],Worker,Noisy,Morning,Introvert,Rabat
VSkzVsemM0SdwtB162,"['Art', 'Art', 'Travel', 'Business and entrepreneurship']",Worker,Noisy,Night,Introvert,Tangier
4b1e1aprFfst6uZ048,"['Fitness', 'Cars and automobiles']",Worker,Silent,Morning,Extrovert,Marrakech
RulQ7LziyNQg7bh130,['Gardening'],Student,Noisy,Night,Introvert,Agadir
pGzHaeRygvR5hDy139,['Fashion'],Student,Silent,Morning,Introvert,Casablanca
yXFoKtNsrmkAl4G144,['Parenting and family'],Student,Noisy,Night,Introvert,Casablanca
F3xDwryzU4U3xRO147,['Music'],Worker,Noisy,Morning,Extrovert,Rabat
32oYrO8Fk0x9eem039,"['Sports', 'DIY and crafts', 'Business and entrepreneurship']",Worker,Noisy,Morning,Introvert,Oujda
cbZqhqWwdA74EJ4066,['Science'],Student,Silent,Night,Extrovert,Agadir
h0rXfrJaKL2kmUY108,"['Beauty', 'Nature']",Worker,Silent,Night,Extrovert,Casablanca
Qi0CIzGvm0ixZ94074,"['Art', 'Food and dining']",Worker,Noisy,Morning,Extrovert,Marrakech
fSy5AtP8bBWlXa1077,"['Cars and automobiles', 'Pets', 'Politics']",Student,Noisy,Night,Introvert,Marrakech
dH86gmZ9h4h3GxQ032,['Cars and automobiles'],Worker,Noisy,Night,Extrovert,Marrakech
31SIAQPhJsLdMCZ089,"['Technology', 'Cooking', 'Cooking', 'Parenting and family']",Worker,Noisy,Night,Extrovert,Tangier
b5FBXl0ZRrqhIU9089,"['Gardening', 'Politics', 'Beauty', 'History']",Student,Silent,Night,Extrovert,Fes
SUP2N7y56pBiwPD081,"['DIY and crafts', 'Gaming']",Student,Silent,Night,Introvert,Oujda
9OlxAJ1Ry0aueoy094,"['Science', 'Movies', 'DIY and crafts', 'Fashion']",Student,Noisy,Morning,Extrovert,Tangier
clHg7IinvdoyIrk117,"['Movies', 'Music', 'DIY and crafts', 'Travel']",Worker,Silent,Morning,Introvert,Tangier
BxX1DUTgWGR8oQr137,"['Parenting and family', 'Fitness', 'Science']",Worker,Silent,Night,Introvert,Marrakech
ssLnGUD2XzJDwQf152,['Sports'],Worker,Silent,Night,Extrovert,Oujda
YvwYBEPcOtrcAgR163,"['Beauty', 'Travel', 'Beauty', 'DIY and crafts']",Student,Silent,Morning,Extrovert,Tangier
VotYarJ0CEJIN8L100,"['Technology', 'Cooking', 'DIY and crafts']",Worker,Noisy,Night,Introvert,Fes
GP9xB43ktn2j1IH020,"['Books', 'Food and dining']",Worker,Noisy,Night,Introvert,Rabat
8c9XtrMy8kYMPUY151,"['Beauty', 'Music']",Worker,Noisy,Morning,Extrovert,Casablanca
fcVdKj9uXSE7ZYH128,"['DIY and crafts', 'Art', 'Sports']",Student,Noisy,Morning,Introvert,Casablanca
NUx9T07MRLelUnJ112,"['Education and learning', 'Nature', 'Outdoor activities']",Student,Silent,Night,Introvert,Tangier
sviqtK9LuWb2WPS153,"['Education and learning', 'Fitness', 'Finance and investments', 'Cooking']",Worker,Noisy,Morning,Extrovert,Agadir
U6qwZ7cl4JicIWp101,['Technology'],Worker,Silent,Morning,Extrovert,Oujda
43IfYYeClQNmpbS101,"['Travel', 'Photography', 'Health and wellness']",Worker,Silent,Morning,Extrovert,Agadir
awLPV1PRNztwZMm188,"['Sports', 'Social causes and activism', 'Movies', 'Technology']",Worker,Silent,Morning,Extrovert,Tangier
2Mw7Nv79efuotfl078,"['Art', 'Gaming']",Worker,Silent,Night,Extrovert,Oujda
6c8epyzDTH1vJ6u077,"['Gardening', 'Technology', 'Fitness', 'Gardening']",Student,Silent,Morning,Extrovert,Marrakech
NlT1QsJ31nHCikQ071,['Beauty'],Worker,Noisy,Night,Extrovert,Tangier
VcXyYG5l7KEgkq7100,"['Travel', 'Health and wellness', 'Sports']",Student,Silent,Night,Extrovert,Casablanca
SGza2PjRDTV4MJE105,"['Travel', 'Social causes and activism', 'Food and dining', 'Cars and automobiles']",Student,Noisy,Night,Extrovert,Fes
2Tkx69Jz16Zt2Kl050,"['Food and dining', 'Beauty', 'History']",Student,Noisy,Night,Extrovert,Rabat
HPCGIwCqxcJPqz1127,"['Movies', 'Parenting and family']",Worker,Noisy,Night,Extrovert,Rabat
qI9cAxYnnWMa0zw130,"['Politics', 'Food and dining']",Worker,Silent,Night,Extrovert,Marrakech
64Vt7p1wQLGZSIL097,"['Health and wellness', 'Business and entrepreneurship', 'Finance and investments']",Worker,Noisy,Morning,Extrovert,Rabat
ai3PJzKPLYtBP6j111,"['Parenting and family', 'Gaming']",Worker,Silent,Night,Introvert,Marrakech
NWbeWItSttbtdH8141,"['History', 'Health and wellness']",Worker,Noisy,Morning,Extrovert,Casablanca
5TjjM5GtfSItkzj119,"['Nature', 'Finance and investments']",Worker,Noisy,Night,Introvert,Tangier
vQ5etCErwqtGKyI151,"['Music', 'Movies']",Student,Noisy,Night,Extrovert,Rabat
52QqVq7ME1L2mEe023,"['Gardening', 'DIY and crafts']",Student,Silent,Night,Extrovert,Tangier
BLq3M4OGhh4KMMs061,"['Technology', 'Business and entrepreneurship', 'Food and dining']",Student,Silent,Morning,Extrovert,Rabat
aRaxUKZ2x1Kmxkm129,"['Books', 'Travel']",Student,Noisy,Night,Introvert,Marrakech
sqnfXyCbQ8wVWVz195,"['Gardening', 'Art']",Student,Silent,Night,Extrovert,Rabat
PfL3qcSe2Idmshi073,"['Education and learning', 'History']",Worker,Noisy,Morning,Introvert,Agadir
wxeYiqrp1YWgj5r154,['Music'],Worker,Silent,Morning,Extrovert,Marrakech
FMyeWN6vSEzwFdB143,"['Nature', 'Photography']",Worker,Noisy,Morning,Introvert,Rabat
frtdHaaQySKXeWi151,"['Fitness', 'Movies']",Student,Noisy,Morning,Extrovert,Agadir
xTLtIfXm1EhSM8P126,"['Gardening', 'Photography', 'Photography', 'Pets']",Worker,Noisy,Night,Extrovert,Rabat
IcEhWOg1HB1Azy9055,"['Parenting and family', 'Technology', 'Beauty', 'Food and dining']",Student,Noisy,Morning,Extrovert,Agadir
5RJ29nHEXSq1lQK068,"['Social causes and activism', 'Music']",Worker,Noisy,Morning,Introvert,Marrakech
CcL8brkB3X4MDTY064,"['Business and entrepreneurship', 'Food and dining', 'Music']",Student,Silent,Morning,Introvert,Fes
LbRLVKq51MFXYdL112,"['Fashion', 'Business and entrepreneurship', 'Beauty', 'Art']",Worker,Noisy,Night,Extrovert,Agadir
L7efW3Ug63XYZVI095,"['DIY and crafts', 'Cars and automobiles']",Worker,Silent,Night,Extrovert,Rabat
fHOv7BuObi9s6hP077,"['Education and learning', 'Fitness', 'Health and wellness']",Student,Noisy,Morning,Introvert,Rabat
USelO1TZNHrWHze165,"['Nature', 'Music', 'Nature']",Worker,Silent,Morning,Extrovert,Rabat
xLGVHVJMkGB83w8092,['Gardening'],Student,Silent,Night,Extrovert,Oujda
z4Uv5gBpUqfZaSO136,"['Social causes and activism', 'Beauty']",Worker,Noisy,Night,Introvert,Casablanca
mJSkf1A7xUIDagp078,"['Food and dining', 'Food and dining', 'Cooking']",Student,Silent,Night,Extrovert,Fes
PwQMCngdYfWqiOw175,"['Business and entrepreneurship', 'Health and wellness', 'Outdoor activities', 'Outdoor activities']",Worker,Silent,Night,Introvert,Oujda
rVXebDLCulwbVBF138,"['Books', 'Pets']",Worker,Noisy,Morning,Extrovert,Fes
M1RRuEIOVrFNrcU146,['Movies'],Worker,Noisy,Night,Extrovert,Fes
gwRz6BDn30LpnKN082,"['Technology', 'Fashion', 'Politics', 'Music']",Student,Noisy,Night,Extrovert,Oujda
eaV1wiYPDnoYNJt148,"['Parenting and family', 'Sports', 'Travel']",Worker,Noisy,Morning,Extrovert,Oujda
N1YOzs4AVNyNYkR162,"['Health and wellness', 'Parenting and family']",Worker,Noisy,Morning,Extrovert,Oujda
C2t94hsklQDhnsk073,"['Fashion', 'Sports', 'DIY and crafts']",Student,Noisy,Morning,Introvert,Rabat
uraccG7h0keMqnu077,"['Social causes and activism', 'Fitness', 'Business and entrepreneurship']",Student,Silent,Morning,Introvert,Marrakech
dde5IjrJgx7GXyz113,['Books'],Student,Silent,Morning,Extrovert,Rabat
2QcGtAZXxMy44xN120,"['Business and entrepreneurship', 'Beauty', 'Parenting and family', 'Business and entrepreneurship']",Student,Noisy,Night,Extrovert,Marrakech
C62fgOsewW8rrkB078,"['Education and learning', 'History', 'Photography', 'Social causes and activism']",Student,Silent,Night,Extrovert,Casablanca
G0jkK2OKwxVkdZ5094,['Business and entrepreneurship'],Student,Noisy,Night,Extrovert,Fes
cglnZlRvuxPWfFn184,"['History', 'Food and dining']",Student,Silent,Morning,Introvert,Agadir
Ve1fmgPKs5bOd8X070,"['Technology', 'Parenting and family', 'Gaming', 'Social causes and activism']",Student,Noisy,Morning,Extrovert,Fes
D5Qymm5Duxqvv6y135,['Art'],Worker,Noisy,Morning,Introvert,Agadir
SCA6PGGKHDv4WU1065,"['Science', 'Books', 'Cars and automobiles']",Student,Silent,Morning,Introvert,Fes
aO8OYmNanQhPL0Y112,"['DIY and crafts', 'Beauty']",Worker,Noisy,Morning,Introvert,Oujda
PPT6XuMnwTxcV9O174,"['Sports', 'Gaming']",Student,Silent,Night,Extrovert,Agadir
7YvHP1Ys4maZqqv135,"['Beauty', 'Science', 'Gaming']",Student,Silent,Night,Extrovert,Marrakech
E5wuxMbJM1TqLBB098,"['Cars and automobiles', 'Finance and investments', 'Books']",Student,Silent,Night,Introvert,Oujda
Qol6I3ljcXPtBEQ099,"['Business and entrepreneurship', 'Pets', 'Food and dining', 'Photography']",Student,Silent,Night,Extrovert,Tangier
jkO5bgxM33DYSdl069,['Gardening'],Student,Silent,Morning,Extrovert,Tangier
A6Uj8CJhueOqXJW110,"['Movies', 'Education and learning', 'Cooking']",Student,Noisy,Night,Extrovert,Fes
Sh5eF2A6E1VFFea994,['Gaming'],Student,Silent,Night,Introvert,Fes
ccoSOayIbbBvLIN113,"['Outdoor activities', 'Cars and automobiles', 'Movies', 'Sports']",Worker,Silent,Morning,Introvert,Tangier
8o16S9jRFxd6HF1005,"['Cooking', 'Cars and automobiles', 'DIY and crafts']",Worker,Noisy,Morning,Extrovert,Rabat
k74WrYPfYyEMC6W122,"['Parenting and family', 'Politics']",Worker,Silent,Morning,Introvert,Oujda
gkMeO8aXhNu8Vp2087,"['Photography', 'Art', 'Technology']",Student,Noisy,Night,Extrovert,Agadir
fiEsjM17cfbNqFB048,"['Parenting and family', 'Technology', 'Business and entrepreneurship']",Worker,Noisy,Morning,Extrovert,Tangier
AaCmpvzxqvk6NmF139,"['Food and dining', 'DIY and crafts', 'Gardening', 'Travel']",Student,Silent,Morning,Extrovert,Marrakech
gY54AZA0mLkmM6Y058,['Finance and investments'],Student,Silent,Morning,Introvert,Fes
TTTnSodhPUZT4Hj169,"['Cooking', 'Fashion', 'Nature', 'Science']",Student,Silent,Night,Introvert,Oujda
Lin2e4qlWdtJW8o090,['Business and entrepreneurship'],Worker,Noisy,Night,Extrovert,Casablanca
riG87zK3HMPobAu077,"['Outdoor activities', 'DIY and crafts', 'Beauty', 'Politics']",Worker,Noisy,Night,Extrovert,Tangier
8atNv1841zbtaB8002,"['Politics', 'Books']",Worker,Silent,Night,Introvert,Tangier
l9MMTrIZ2DIXNuZ148,['Technology'],Worker,Silent,Morning,Introvert,Casablanca
Ms7UD6NVI2zWc1C069,"['Business and entrepreneurship', 'Art', 'Cars and automobiles', 'Politics']",Worker,Noisy,Morning,Extrovert,Casablanca
o4WvzXeOU7qbcp7119,['Travel'],Student,Noisy,Night,Introvert,Marrakech
VCCO9WT59wXwqlL132,"['Nature', 'Technology']",Student,Silent,Night,Extrovert,Casablanca
JEUaHOzYvNNxu8n172,['Politics'],Worker,Silent,Night,Introvert,Fes
jkBhdzfR9EliREB089,"['Parenting and family', 'Finance and investments', 'Parenting and family']",Student,Silent,Night,Introvert,Marrakech
34bkbahgOzB5uGx050,"['Gardening', 'Politics']",Worker,Silent,Night,Introvert,Oujda
Hd0OIFQvG7AntPL086,"['Business and entrepreneurship', 'Travel']",Student,Silent,Morning,Introvert,Tangier
NkhpKi1SbzyaWNU145,"['Technology', 'Finance and investments', 'Nature']",Student,Noisy,Morning,Extrovert,Agadir
4V1O6fbXOj7LqfQ060,"['History', 'Parenting and family']",Worker,Silent,Morning,Introvert,Agadir
FLwJ4lByPfCQbu5092,"['Cars and automobiles', 'Business and entrepreneurship']",Student,Noisy,Night,Introvert,Rabat
uO7DsChG89MPYkG085,"['Education and learning', 'Politics']",Student,Silent,Night,Extrovert,Tangier
WpRZia1fLTyWiDs156,"['Technology', 'Technology', 'Technology', 'Music']",Student,Silent,Morning,Extrovert,Oujda
rQ6SNXApVg1mKQn128,"['Science', 'Books']",Worker,Noisy,Morning,Introvert,Tangier
rXaPgpLUqq21I8q098,"['Travel', 'Art', 'Health and wellness', 'Music']",Student,Noisy,Night,Introvert,Marrakech
96L4GhozhljhD8Q050,"['Finance and investments', 'Politics']",Student,Noisy,Morning,Extrovert,Marrakech
AlwXohD2ARv7LFg090,"['Science', 'Science', 'Books']",Worker,Silent,Morning,Extrovert,Rabat
pY8PO3RLENtDJZh128,['Cars and automobiles'],Worker,Noisy,Morning,Extrovert,Marrakech
tlgeoFJ9S1LIkx0072,"['Cars and automobiles', 'Gardening', 'Movies']",Worker,Noisy,Morning,Introvert,Oujda
dQEHpVYtulGGRof163,"['Cars and automobiles', 'Technology']",Worker,Silent,Night,Introvert,Fes
dkBNn9TkCnJMTUU131,"['Beauty', 'Outdoor activities']",Student,Noisy,Morning,Extrovert,Rabat
Mgz1ljzjnW0fu8O104,['Fitness'],Worker,Noisy,Morning,Introvert,Agadir
7iE0J5ksfuZdBse061,"['Politics', 'Food and dining', 'History', 'Movies']",Student,Noisy,Night,Extrovert,Marrakech
4vWQSEwHRgrR5rc136,"['Cars and automobiles', 'Nature', 'Cars and automobiles']",Worker,Silent,Night,Extrovert,Fes
vmIo9AFxvYgttZ4151,"['Photography', 'Beauty', 'Nature']",Student,Silent,Night,Introvert,Oujda
xTjjaJOwb5x82Ug094,"['Photography', 'Beauty']",Student,Noisy,Morning,Introvert,Marrakech
SIHTrY5KRAaCQ3B088,"['Cars and automobiles', 'Sports', 'Fashion', 'Business and entrepreneurship']",Worker,Noisy,Night,Introvert,Oujda
UHr67a6oN2ervZv087,"['Politics', 'Business and entrepreneurship', 'Art', 'Technology']",Student,Silent,Night,Extrovert,Marrakech
xAe48j3hrAFdHdP032,"['Finance and investments', 'Parenting and family', 'Cars and automobiles']",Student,Noisy,Morning,Extrovert,Marrakech
ArKRZ3xz4gebRkY127,"['DIY and crafts', 'DIY and crafts', 'Gardening']",Worker,Silent,Morning,Extrovert,Oujda
eev62Pngmtv5ebJ066,['Technology'],Worker,Noisy,Morning,Introvert,Fes
baAxSKpXOW1u60E081,"['Gaming', 'Fitness', 'Travel']",Worker,Noisy,Night,Extrovert,Oujda
uKOPB6arnv08LZ3071,"['History', 'Gaming', 'Cars and automobiles', 'History']",Student,Noisy,Night,Extrovert,Rabat
houGCqSTzcKepZ3144,"['Technology', 'Politics']",Student,Noisy,Morning,Introvert,Fes
1HcZD1W2Ku9gcr7024,"['Sports', 'Beauty']",Worker,Silent,Night,Extrovert,Tangier
Le7dXWlHKL0S3qh077,['Sports'],Student,Noisy,Night,Introvert,Fes
IT5bVfrIm53pUlk084,"['Art', 'Books', 'Education and learning']",Worker,Noisy,Morning,Introvert,Rabat
UqQgw2HyyTobVn3149,"['Finance and investments', 'Fashion']",Student,Silent,Morning,Extrovert,Marrakech
bA9R5KT7osBg8zm059,"['Cooking', 'Photography', 'Fashion', 'Education and learning']",Worker,Noisy,Night,Extrovert,Casablanca
1DIAIGSWtP3ZftR110,"['Cars and automobiles', 'Cooking', 'Technology', 'Outdoor activities']",Worker,Noisy,Morning,Introvert,Rabat
CHXOHe27xMaPCLb071,['Politics'],Worker,Silent,Morning,Extrovert,Rabat
y1PlxSkwnPkYyKD181,"['Fashion', 'Science', 'Fitness']",Worker,Silent,Morning,Introvert,Oujda
mo3oU5H4ggDJlDM053,"['Art', 'Movies']",Student,Silent,Night,Extrovert,Casablanca
fjShzwgoO7r37Ko102,"['History', 'Photography', 'Politics', 'Technology']",Student,Noisy,Morning,Extrovert,Marrakech
sdAp4oj34e6FSG1000,"['Movies', 'Education and learning']",Student,Noisy,Morning,Extrovert,Casablanca
ywUFI5DAiWtOMcK132,"['Sports', 'Social causes and activism']",Worker,Noisy,Night,Extrovert,Tangier
hYWZvyckDH0IW75111,['Pets'],Worker,Silent,Morning,Introvert,Marrakech
ff6PNz1tDbzkFun107,"['Outdoor activities', 'Cars and automobiles', 'Music', 'Outdoor activities']",Worker,Silent,Morning,Introvert,Agadir
b8pCLcfLncuQJKm095,"['Social causes and activism', 'History']",Worker,Noisy,Night,Extrovert,Tangier
VTSGrQuHqZ1A7pC131,"['Gardening', 'Politics', 'Movies']",Student,Silent,Night,Introvert,Rabat
f0Ee3dvE1StDiUQ053,"['Photography', 'Parenting and family']",Student,Noisy,Night,Extrovert,Casablanca
wbQ0T8YqPhN1nLo104,"['Travel', 'Cooking', 'Education and learning']",Worker,Silent,Night,Introvert,Rabat
jRzOcfBg0WkRwGg120,"['Gaming', 'Sports']",Student,Noisy,Morning,Extrovert,Oujda
y9lpj5T62GONcil061,"['Art', 'Health and wellness']",Student,Silent,Night,Introvert,Rabat
xQuT6qOb6cYaCd5081,"['Sports', 'Gardening', 'Outdoor activities']",Worker,Silent,Morning,Extrovert,Oujda
wh4EGJ502FKUtOP049,"['Fashion', 'Finance and investments', 'Social causes and activism']",Worker,Silent,Night,Extrovert,Rabat
edolF5zX3bjPYyN120,['Parenting and family'],Student,Silent,Night,Extrovert,Marrakech
vBxash7hHcYJxkf122,"['Parenting and family', 'Social causes and activism', 'Education and learning', 'Finance and investments']",Student,Noisy,Night,Introvert,Fes
S9wPaOzvCnxjKn9144,['Food and dining'],Student,Noisy,Morning,Extrovert,Marrakech
CknPyIB6mOa9Kiq089,"['Science', 'Art']",Worker,Noisy,Morning,Extrovert,Oujda
gBJPXywR2jShWwR172,"['Food and dining', 'History', 'Nature', 'Books']",Worker,Silent,Night,Extrovert,Casablanca
5CIhCZqwSj1qdb4063,"['Fashion', 'Sports', 'Education and learning']",Worker,Silent,Night,Introvert,Oujda
flVFKCRmI6Bl8XR098,"['Cooking', 'Beauty']",Student,Noisy,Night,Extrovert,Agadir
8M9fzhfw7XClJBe074,"['Finance and investments', 'Fashion', 'Beauty']",Student,Silent,Morning,Introvert,Fes
qOGM7Plx9JVnm63084,['Politics'],Worker,Silent,Morning,Introvert,Oujda
UW2IJQFEXfApMUA119,['Cooking'],Worker,Noisy,Night,Introvert,Casablanca
VWKvlK30spY98d9074,['Technology'],Worker,Silent,Morning,Introvert,Casablanca
SHrvfpNOqu2fde0101,"['Fitness', 'Health and wellness']",Worker,Noisy,Night,Extrovert,Oujda
YzrPIpBkfCiHc6T122,['Fitness'],Student,Noisy,Morning,Extrovert,Fes
483plEX0DLxlCFP045,"['Food and dining', 'Photography', 'Beauty']",Worker,Silent,Morning,Extrovert,Rabat
u24WcDcvFKBnbxe074,"['History', 'Beauty', 'Education and learning']",Student,Noisy,Morning,Extrovert,Agadir
FBIp9cb0ucu5ho2018,"['Photography', 'Parenting and family', 'Cars and automobiles', 'Photography']",Student,Silent,Night,Introvert,Oujda
RvGECHBCupcJSze128,['Sports'],Student,Noisy,Morning,Extrovert,Agadir
V4TXugcjiaC8W7K085,['Social causes and activism'],Student,Silent,Night,Introvert,Rabat
fIwOn9yozqUdw6Q158,"['Photography', 'Social causes and activism', 'Health and wellness', 'Cooking']",Student,Noisy,Night,Introvert,Marrakech
SaRejXyt2OyAC1Q114,"['Music', 'Education and learning', 'Politics', 'Gaming']",Student,Silent,Night,Extrovert,Oujda
o30ndbJQ84CB2sH991,"['Art', 'Nature', 'Pets', 'Sports']",Worker,Silent,Morning,Extrovert,Agadir
mr3eefV57aycdhQ054,"['DIY and crafts', 'Finance and investments', 'Movies', 'Fashion']",Worker,Silent,Morning,Extrovert,Rabat
yQ4GM20avtZCNM9072,"['Education and learning', 'Gardening', 'Beauty', 'Science']",Student,Noisy,Night,Introvert,Casablanca
nnJN9pDwXKgYjX9142,"['Sports', 'Movies', 'Nature', 'Books']",Student,Noisy,Night,Introvert,Fes
25ebDYiYW2Y1f7p037,"['Travel', 'Beauty', 'Gaming', 'Photography']",Worker,Noisy,Morning,Introvert,Oujda
QkR5Sg9EvZOxomj144,"['Movies', 'Cooking', 'Movies', 'Cars and automobiles']",Worker,Silent,Morning,Extrovert,Tangier
iLGS6pGpqvhGj7F097,"['Movies', 'DIY and crafts', 'Art']",Worker,Silent,Morning,Introvert,Fes
VHs8ijdnWC23RB8049,['Travel'],Worker,Silent,Morning,Extrovert,Casablanca
doT5A3PdqlUa3Jo059,"['Pets', 'Cooking']",Worker,Noisy,Night,Extrovert,Tangier
BCHjoCrdAvx7Y6K087,"['Outdoor activities', 'Beauty', 'DIY and crafts']",Student,Silent,Morning,Extrovert,Fes
WmZtXkFJh7RDZBy167,['Technology'],Student,Noisy,Night,Extrovert,Tangier
IkOTsI3g7SfgO8F073,"['Food and dining', 'History', 'Sports', 'Cars and automobiles']",Worker,Noisy,Night,Extrovert,Casablanca
1UecURAD8mhdrRD075,"['Gardening', 'Cars and automobiles']",Worker,Silent,Morning,Extrovert,Casablanca
hw8Kl3SrYaNf03x071,"['Food and dining', 'Education and learning']",Student,Noisy,Morning,Introvert,Fes
5V5BkYYwTmEdtIC120,"['Fitness', 'History', 'Photography']",Worker,Silent,Morning,Extrovert,Oujda
k7gUzgXSC4Z7UeC103,['Education and learning'],Student,Silent,Morning,Introvert,Casablanca
isyLYeWJlGEli3H128,"['Music', 'Education and learning', 'Outdoor activities']",Student,Noisy,Morning,Introvert,Tangier
2F36Efs0XMs9rOO040,"['Education and learning', 'Beauty']",Worker,Silent,Morning,Introvert,Rabat
Qaf7ezhMq9Y5bar072,['Music'],Student,Noisy,Night,Introvert,Rabat
bGtRGmFfyY3q4cc087,"['Music', 'Movies']",Student,Noisy,Night,Extrovert,Tangier
lK4s1VPTNfP53S6054,['Outdoor activities'],Student,Silent,Night,Extrovert,Rabat
IbDrJfSPQXYgdLM146,"['Movies', 'DIY and crafts']",Student,Silent,Morning,Extrovert,Tangier
LrcUwqfAeBYJi4N114,"['Finance and investments', 'DIY and crafts', 'Photography', 'Politics']",Worker,Silent,Morning,Introvert,Casablanca
3T7vk2kuAT5gcqA047,['Cooking'],Student,Silent,Night,Extrovert,Oujda
l0XWxbiK0wD46lw073,"['Technology', 'Music', 'Science']",Student,Noisy,Night,Introvert,Oujda
K6gn1UsTVDTSutT153,"['Nature', 'Nature']",Student,Silent,Morning,Extrovert,Casablanca
Pvlcr3lX4GKVbxa109,"['Science', 'History', 'Cooking']",Student,Silent,Night,Extrovert,Marrakech
GB86fiPo5lSlZLB069,"['Fitness', 'Travel', 'Parenting and family', 'Music']",Student,Silent,Night,Extrovert,Tangier
KzpdD0TpzCYx9dq133,['Technology'],Worker,Silent,Night,Extrovert,Rabat
gTy2VzqAW8SUKgW160,"['Pets', 'Science', 'Fashion', 'DIY and crafts']",Student,Noisy,Morning,Introvert,Casablanca
PjJymWcCum4uo2M120,['Beauty'],Worker,Silent,Night,Introvert,Casablanca
MoRu5cQ8w72LMDL069,"['Food and dining', 'Books']",Student,Silent,Night,Introvert,Oujda
WnGo9oyfQi815qs086,"['Pets', 'Politics']",Student,Silent,Morning,Introvert,Fes
sBTDhewWBaZg3cA091,"['Art', 'Pets', 'Health and wellness']",Worker,Noisy,Night,Introvert,Tangier
AiU6Vx9Uvh8l7bR086,['Movies'],Student,Silent,Night,Extrovert,Fes
RoafNg80PNjdVkL086,"['Art', 'Social causes and activism']",Worker,Silent,Morning,Introvert,Rabat
OVx9349SxGCpGXu103,"['Fashion', 'Business and entrepreneurship']",Worker,Silent,Morning,Extrovert,Oujda
5PVyw0LYWOiUU1t150,['Pets'],Worker,Noisy,Morning,Introvert,Casablanca
Bl9Q1TczmqP68Fc055,"['Pets', 'Education and learning']",Worker,Silent,Morning,Introvert,Rabat
5UQLkZuQkz8nzdQ164,"['Science', 'Movies']",Worker,Noisy,Night,Introvert,Casablanca
ehh0n22SV7ixfxB048,['Fashion'],Worker,Noisy,Morning,Extrovert,Rabat
4qCzMyfrr6CWocz134,"['Cooking', 'Cars and automobiles', 'Cars and automobiles']",Worker,Silent,Night,Extrovert,Tangier
RubClWqvysRerEU189,"['Cooking', 'Photography', 'Education and learning', 'Nature']",Student,Silent,Morning,Introvert,Agadir
LDVORX3BQxOvGMW165,"['Gardening', 'Finance and investments', 'Fitness', 'Food and dining']",Student,Noisy,Night,Introvert,Fes
aNLbFG1yaXS7Zkt104,"['Food and dining', 'Movies', 'Music', 'Music']",Student,Silent,Morning,Extrovert,Marrakech
SXitGyRO7xt3Siy172,"['Social causes and activism', 'Photography', 'Fitness']",Student,Silent,Morning,Extrovert,Marrakech
LGivg8nqg4QKpXR121,"['Health and wellness', 'Cars and automobiles', 'Travel']",Worker,Noisy,Night,Extrovert,Marrakech
0jVB4XUP9r9s6fC049,['Sports'],Student,Silent,Morning,Extrovert,Tangier
uc23J9lEzLPCTRI081,"['DIY and crafts', 'Pets', 'Cooking']",Student,Noisy,Morning,Introvert,Oujda
7l4du2fbdy4DrFw038,"['Fashion', 'Beauty']",Worker,Silent,Night,Introvert,Agadir
gBWhCxslpr0hDu9102,"['Art', 'Travel']",Student,Noisy,Morning,Introvert,Oujda
bMV43QPz6gQWUk3087,"['Food and dining', 'Photography', 'Pets']",Worker,Silent,Night,Extrovert,Tangier
Nb3jyijD1UImlJo086,['Education and learning'],Student,Silent,Night,Extrovert,Casablanca
0qwcVUPQyapGsN9138,"['Photography', 'Social causes and activism']",Student,Silent,Night,Introvert,Rabat
zNK8sY55AAG05aA009,"['Outdoor activities', 'Photography']",Student,Silent,Morning,Introvert,Casablanca
2LvFdgOxRjvzvKW168,['Gardening'],Worker,Silent,Morning,Extrovert,Casablanca
ajdipCx7YEqzgmj121,"['Beauty', 'Politics', 'Art']",Worker,Noisy,Night,Extrovert,Casablanca
rmhnltKpJABjduc123,"['Fitness', 'Art', 'Education and learning']",Worker,Silent,Morning,Extrovert,Rabat
YBCcqOXirn03TaH090,"['Pets', 'Beauty', 'Technology']",Worker,Noisy,Night,Introvert,Tangier
COfNGfaxK43ugyV097,"['Parenting and family', 'Cooking', 'Travel']",Student,Silent,Morning,Extrovert,Agadir
K8p2XbGct7Ywjeh083,"['Food and dining', 'Business and entrepreneurship']",Worker,Silent,Morning,Extrovert,Oujda
ZlbRFbX5Tk3HcSW110,"['Parenting and family', 'History', 'Food and dining', 'Photography']",Worker,Silent,Morning,Introvert,Tangier
RDOMozm8GUoIdN6116,['DIY and crafts'],Student,Silent,Night,Introvert,Fes
kNk3beoOt9cd4Ja039,"['DIY and crafts', 'Social causes and activism']",Student,Silent,Morning,Introvert,Rabat
xRuQvobj0jETDg4107,"['Books', 'History', 'Art']",Student,Noisy,Night,Extrovert,Oujda
9rNpGwuinI90OnH098,['Technology'],Student,Silent,Morning,Extrovert,Agadir
hsv9hnBUVNsaf98094,['Movies'],Worker,Silent,Morning,Extrovert,Tangier
wsYlIk7vjpJQAuv169,['Finance and investments'],Student,Silent,Morning,Extrovert,Rabat
j2QEWGpisM128nf048,"['Cooking', 'Movies', 'Technology', 'Social causes and activism']",Student,Noisy,Night,Extrovert,Tangier
qavwyzO8MP5ppgH146,"['Finance and investments', 'Gaming']",Worker,Silent,Morning,Extrovert,Casablanca
0WHGWO6ZBHC1DSH065,"['Fitness', 'Food and dining']",Worker,Silent,Night,Introvert,Oujda
SJvZs5u2pxK8EOd119,"['Politics', 'Politics', 'Food and dining']",Worker,Noisy,Morning,Extrovert,Casablanca
9Uz0O7irnbtOOTg110,"['Fashion', 'Health and wellness', 'Education and learning']",Student,Noisy,Night,Extrovert,Agadir
sLbSB1BMyk5e1Z1040,"['Art', 'Photography', 'Cooking', 'Fashion']",Worker,Silent,Morning,Introvert,Oujda
zlNkoCVAITTKZ9p159,['Books'],Worker,Noisy,Morning,Introvert,Tangier
rvfLyBOvfPrBX94129,"['Fitness', 'Cars and automobiles', 'Books']",Student,Noisy,Morning,Extrovert,Tangier
PxsK7EmMUmaaIQ7105,"['Education and learning', 'Education and learning', 'DIY and crafts']",Student,Noisy,Night,Extrovert,Casablanca
F6kLXQK1ptrp8vH108,"['Travel', 'Food and dining', 'Parenting and family']",Student,Noisy,Night,Extrovert,Oujda
8LnGZQF9LVACT75065,"['DIY and crafts', 'Cooking', 'Art']",Worker,Silent,Morning,Introvert,Agadir
Hl334fGmyZyjj7r073,"['Art', 'History', 'Movies']",Student,Noisy,Morning,Introvert,Agadir
xhz8aLAM5WnOhYI120,['Cars and automobiles'],Worker,Silent,Morning,Introvert,Casablanca
YBDfg9JbBwdeIGJ069,['Fitness'],Student,Noisy,Morning,Introvert,Casablanca
v584dio2CV1RSMF031,['Nature'],Worker,Silent,Morning,Introvert,Fes
KwUWIgAPEb3rbLB099,"['DIY and crafts', 'Movies', 'Photography']",Student,Silent,Night,Introvert,Marrakech
SfpeJbMns0fgXIk105,"['Beauty', 'Gardening', 'Sports', 'Parenting and family']",Student,Noisy,Night,Introvert,Fes
lR41UT4YEcgbQNk076,['Social causes and activism'],Worker,Silent,Night,Introvert,Agadir
gKo5HpWItj9dX5l090,"['Business and entrepreneurship', 'Art', 'Politics']",Student,Noisy,Night,Introvert,Oujda
9P9Wp9SAr01qCih038,['Parenting and family'],Student,Noisy,Morning,Introvert,Rabat
uWYpZT4OsvTfjkf188,"['Science', 'Art', 'Art']",Worker,Silent,Night,Extrovert,Fes
SiuQCjRSUCRELCP154,"['DIY and crafts', 'Cars and automobiles', 'Photography']",Student,Noisy,Night,Introvert,Agadir
lOpsGxkoAKP738d081,"['Books', 'Nature', 'Beauty']",Worker,Noisy,Morning,Extrovert,Fes
s4P3omD1Dpqf9LS054,"['Nature', 'Science', 'Finance and investments', 'DIY and crafts']",Worker,Noisy,Morning,Extrovert,Rabat
oVjwVpaFp7uIXMc152,"['Food and dining', 'Sports', 'Gardening']",Worker,Noisy,Morning,Extrovert,Agadir
rn4TTCnjF9cuStz135,['Gaming'],Student,Noisy,Morning,Extrovert,Oujda
ftzZ26VhW5HaVGs113,['Science'],Student,Silent,Morning,Introvert,Oujda
HQFGXv4GgKMU1Lb090,"['Health and wellness', 'Travel', 'Business and entrepreneurship']",Student,Noisy,Morning,Introvert,Rabat
URqOUYZ2nXleTDe173,"['History', 'Technology', 'Music']",Worker,Noisy,Morning,Introvert,Tangier
ggmYvnVMbKT4qSx164,"['Politics', 'Social causes and activism']",Worker,Noisy,Morning,Extrovert,Fes
8XGfhTvlVSE1wDn123,['Technology'],Worker,Noisy,Morning,Introvert,Agadir
wMy9EGXNuzukPej174,"['Outdoor activities', 'Photography', 'Cooking']",Worker,Noisy,Night,Introvert,Fes
qco5ByYs47UaEBZ089,['Books'],Worker,Silent,Morning,Introvert,Casablanca
FzndYeioceyQmZj163,"['Beauty', 'Parenting and family', 'Fitness']",Worker,Silent,Night,Introvert,Marrakech
iNxcQbkDSWNjK6P127,"['Parenting and family', 'Outdoor activities', 'Education and learning', 'Cars and automobiles']",Student,Noisy,Night,Extrovert,Casablanca
JERiqmbbRRUKSDQ144,"['Gardening', 'Parenting and family']",Student,Noisy,Night,Extrovert,Agadir
MjYOh5Mt16IAFIJ063,"['Art', 'Health and wellness', 'Cooking', 'DIY and crafts']",Student,Noisy,Night,Extrovert,Oujda
u68UQ3B1fMfbNl1013,"['Gaming', 'Politics']",Worker,Noisy,Morning,Extrovert,Oujda
TpY7kFEy69FbLk6063,"['Books', 'Cooking', 'Music']",Worker,Silent,Night,Extrovert,Casablanca
aSUNRcUJka5gxSE123,"['Outdoor activities', 'Art']",Worker,Silent,Night,Extrovert,Fes
qxLD0sEZHFcEwJ9099,"['Parenting and family', 'Beauty', 'Finance and investments', 'Food and dining']",Worker,Silent,Morning,Extrovert,Casablanca
Q29NJSvUWUiOO7C119,['Music'],Student,Silent,Night,Introvert,Oujda
xTHd2KvdLC4Z1vz101,"['Technology', 'Cooking', 'History', 'Cars and automobiles']",Worker,Noisy,Night,Extrovert,Casablanca
qQK9hNjgIvnALrC116,['Travel'],Student,Silent,Night,Extrovert,Tangier
moBvERw6THgLZ3P124,"['Art', 'Cooking', 'Parenting and family']",Worker,Silent,Morning,Introvert,Tangier
23KjWTgAqmZ5aGI067,"['Pets', 'Science']",Student,Silent,Night,Introvert,Agadir
T2iuvFPHJhNWLmP144,"['Gaming', 'Sports', 'Gaming', 'Photography']",Worker,Silent,Morning,Extrovert,Agadir
vLcDuzQdoGiF8r7107,"['Art', 'DIY and crafts', 'Food and dining']",Student,Silent,Morning,Extrovert,Marrakech
kFDQRCWhB9AwIYJ113,['Social causes and activism'],Worker,Silent,Night,Extrovert,Rabat
CHSwiWldgg2VOpv136,"['Politics', 'Books', 'Education and learning']",Student,Noisy,Morning,Introvert,Tangier
slFfxoXupefzk3f144,"['Travel', 'Beauty', 'Nature']",Worker,Silent,Night,Extrovert,Fes
VjiYXoRQ2hiFwQM162,"['Travel', 'Art']",Student,Silent,Morning,Introvert,Agadir
Ekvn4iYknS1UCZc116,"['Books', 'Gaming', 'Social causes and activism']",Worker,Noisy,Morning,Extrovert,Agadir
RSjeqRxn68Z7Kxm132,"['Art', 'Business and entrepreneurship', 'Politics', 'Music']",Student,Noisy,Morning,Introvert,Fes
vnWohD6XjPGGYcZ154,['Art'],Worker,Silent,Night,Introvert,Casablanca
Ab7nvFySxqhyY5z154,"['Sports', 'Food and dining']",Student,Silent,Night,Extrovert,Tangier
vYh2GpIxMyLpZQ6156,['DIY and crafts'],Worker,Silent,Morning,Extrovert,Tangier
vAgODGovUV2UKl9119,"['Outdoor activities', 'History']",Worker,Noisy,Night,Extrovert,Oujda
A5J7KMLmV15Lc4Y024,"['Politics', 'Music']",Student,Silent,Night,Extrovert,Fes
fMt81qey7SKYxNq124,"['Beauty', 'Music']",Student,Silent,Night,Extrovert,Tangier
oVFXhF1q8lijMwy127,['Education and learning'],Worker,Silent,Morning,Introvert,Marrakech
JNWjYZKBYzZB3pT183,"['Pets', 'Social causes and activism']",Worker,Silent,Morning,Introvert,Marrakech
HgJlVqSPdaJmlaB114,"['Gaming', 'Politics', 'Parenting and family', 'Travel']",Student,Noisy,Night,Extrovert,Tangier
8CgX71BAhw5JYMs052,"['Technology', 'Cars and automobiles', 'Gaming', 'Social causes and activism']",Student,Noisy,Night,Introvert,Fes
XCeSGhhCIKw1i7e070,"['Books', 'Business and entrepreneurship', 'Travel']",Student,Silent,Morning,Extrovert,Tangier
EexmVEIEHNeyb7M106,"['Cars and automobiles', 'History']",Student,Noisy,Morning,Extrovert,Agadir
DOmUB8r89htxc5S073,"['Fashion', 'Cooking', 'Cooking']",Student,Noisy,Night,Introvert,Agadir
BIl2g8Kg3rX9muu063,"['Music', 'Fitness', 'Health and wellness']",Student,Silent,Morning,Extrovert,Fes
mybS77ADTghO7YR090,"['Pets', 'Nature']",Student,Silent,Night,Extrovert,Fes
XJgQ4plbUq4Bz1p091,"['Technology', 'DIY and crafts', 'Outdoor activities']",Worker,Noisy,Night,Extrovert,Oujda
iPcvQFTvddFtrm4128,['Technology'],Student,Noisy,Morning,Introvert,Fes
ygXLoXLMBsjOehU172,['Health and wellness'],Worker,Noisy,Night,Introvert,Agadir
oEmhZZE8mS7Qo1V112,"['Business and entrepreneurship', 'Music', 'Art']",Worker,Noisy,Morning,Extrovert,Tangier
MDb7Ok54oBamq2p023,"['Business and entrepreneurship', 'Cars and automobiles', 'Music']",Student,Silent,Night,Extrovert,Oujda
sK8n3Mb8pXTUNli106,"['Sports', 'Music', 'Technology']",Student,Silent,Night,Introvert,Casablanca
B5feYaA8qrc1C0B993,['Finance and investments'],Student,Noisy,Night,Introvert,Casablanca
mrkWUCgF7EPHWZ6121,['Sports'],Student,Noisy,Night,Introvert,Rabat
4TMbAiWvucvpn1l111,"['DIY and crafts', 'Parenting and family', 'Beauty']",Student,Noisy,Morning,Extrovert,Casablanca
URVQjbjflrkrwJr176,"['Photography', 'Movies']",Worker,Silent,Morning,Introvert,Marrakech
LTVxT8jUWORGl15130,"['Sports', 'Cars and automobiles', 'Cooking', 'Food and dining']",Student,Noisy,Morning,Extrovert,Marrakech
iL7mozJG8wTMwl3113,"['DIY and crafts', 'Politics', 'Gaming', 'Gardening']",Worker,Silent,Night,Introvert,Marrakech
yk9WoK2o5XtvuyM153,['Education and learning'],Student,Noisy,Morning,Extrovert,Fes
hWF7rrZp5Xvf2nb109,"['Gardening', 'Outdoor activities', 'DIY and crafts', 'Art']",Student,Noisy,Morning,Introvert,Rabat
PQVLnfWfIoKi6BG119,"['Cooking', 'Education and learning', 'Fitness', 'Art']",Student,Noisy,Morning,Extrovert,Casablanca
G9FJytGSk1bUJis104,['Food and dining'],Worker,Noisy,Night,Introvert,Tangier
LEBm1DId71PLz8f022,"['Beauty', 'Education and learning']",Worker,Silent,Morning,Extrovert,Tangier
aGHOxqkp6UD1Nfj089,['Business and entrepreneurship'],Worker,Silent,Morning,Extrovert,Tangier
C6EqevDPwIuDoMH115,"['Beauty', 'Photography', 'Cooking']",Student,Silent,Morning,Introvert,Rabat
7SVCYoOWkbB2Iho106,"['Nature', 'Photography', 'Gaming', 'Cars and automobiles']",Student,Silent,Night,Extrovert,Agadir
u7K2ktB4XPNS3mV085,"['Pets', 'Cooking']",Worker,Silent,Morning,Introvert,Rabat
K3iPJoG68zw6qHR079,"['History', 'Parenting and family', 'Fitness']",Student,Noisy,Night,Extrovert,Tangier
zmr1yQ2XO6loFrI119,['Travel'],Student,Silent,Morning,Introvert,Rabat
nHLPC1ICVnwtrur146,"['Books', 'History', 'Education and learning', 'Education and learning']",Student,Silent,Night,Extrovert,Casablanca
3Yohvw8rq7AIn4O085,"['Movies', 'Science', 'Social causes and activism', 'Technology']",Worker,Silent,Night,Extrovert,Agadir
PCJzfu98xJNcVkR129,"['Education and learning', 'Parenting and family']",Student,Noisy,Night,Extrovert,Fes
dkBJ7nF3VOv4t7q060,"['Gaming', 'Pets', 'Health and wellness']",Worker,Silent,Morning,Extrovert,Oujda
wNEDPtSuHxQeQHn175,"['Travel', 'Travel']",Worker,Silent,Morning,Extrovert,Marrakech
OmdFfUjzkuCY7Za139,"['Art', 'Fitness', 'Food and dining']",Worker,Silent,Morning,Introvert,Fes
dba1mLjXZm1XVxZ131,"['Finance and investments', 'Nature']",Worker,Silent,Morning,Extrovert,Marrakech
y2rpfUhVLr67rZP133,"['Parenting and family', 'Photography']",Student,Noisy,Morning,Introvert,Marrakech
I8nVHKlG220Mnqa036,"['Outdoor activities', 'Movies', 'Books', 'Parenting and family']",Student,Noisy,Morning,Introvert,Tangier
WGcKv8cwE72T5sS073,['Pets'],Worker,Noisy,Morning,Introvert,Oujda
fzlcvt3AtMOJNq3113,"['Nature', 'Travel', 'Cars and automobiles']",Student,Noisy,Night,Extrovert,Marrakech
POaj97J7uWirVO5084,"['Science', 'Music', 'Travel', 'Education and learning']",Student,Noisy,Night,Introvert,Agadir
TSNDEYmiVzUxU4D175,['Business and entrepreneurship'],Student,Noisy,Night,Introvert,Fes
D4e4MQ94fAuuQkR051,"['Gaming', 'Parenting and family', 'DIY and crafts']",Worker,Noisy,Morning,Extrovert,Marrakech
46lHlfy082QZYPy072,['Music'],Worker,Silent,Morning,Introvert,Fes
K8k0uvROsNzdKgf121,['Finance and investments'],Worker,Silent,Night,Extrovert,Casablanca
XfjAV0htJeFdKyt116,"['Art', 'Parenting and family', 'Cooking', 'Health and wellness']",Worker,Noisy,Night,Introvert,Oujda
236CAptr4CGVQIK038,"['Outdoor activities', 'Cars and automobiles', 'Books', 'History']",Worker,Silent,Night,Extrovert,Agadir
iL8ZrkMK11G5Ayu065,"['Technology', 'Business and entrepreneurship', 'Science', 'Technology']",Worker,Noisy,Night,Extrovert,Agadir
Zyr1Gn0UOUKzhyF152,"['Gardening', 'Fitness']",Worker,Noisy,Morning,Introvert,Fes
xquzcN0MM19rUcN109,['History'],Worker,Silent,Night,Extrovert,Fes
NhWECtpiB83suKq107,"['Art', 'Travel', 'DIY and crafts']",Student,Noisy,Night,Extrovert,Fes
QvqBYQMWwRbUnAq192,"['Education and learning', 'History', 'Gaming', 'Fitness']",Worker,Noisy,Night,Introvert,Agadir
SOAON9XaFN98PRw104,"['Politics', 'Food and dining']",Worker,Silent,Morning,Introvert,Tangier
S7KNxc5JHRhyCqS119,"['Nature', 'Nature']",Worker,Noisy,Morning,Introvert,Oujda
1c85VMcOnaYIF3m037,"['Fashion', 'Business and entrepreneurship', 'Sports']",Worker,Silent,Night,Introvert,Fes
Yq9xxdxZwKW0BrN172,"['Gardening', 'DIY and crafts']",Student,Silent,Night,Introvert,Rabat
HnGKHj0ay0GR5ut067,"['Social causes and activism', 'Fashion', 'Food and dining', 'Politics']",Student,Noisy,Night,Extrovert,Rabat
O9pX0VOfiJmsp4j100,"['Gaming', 'Beauty', 'Cooking', 'Beauty']",Worker,Noisy,Morning,Introvert,Casablanca
ETXMD5zBOwOCqhw147,['Fashion'],Worker,Silent,Morning,Extrovert,Tangier
KNEONg77u3FacxM063,"['Fitness', 'Parenting and family']",Student,Noisy,Morning,Extrovert,Fes
XazDhMutJjiru79129,"['Technology', 'Fitness', 'Cooking']",Worker,Noisy,Morning,Introvert,Casablanca
RJbRJIZZ34z3CDX098,"['Fitness', 'Gardening']",Student,Noisy,Morning,Extrovert,Fes
S1Gb7K0XWCbrpYd074,['Education and learning'],Student,Silent,Night,Introvert,Fes
xCRoGNdsKyoxmRs189,['Gardening'],Student,Silent,Morning,Introvert,Oujda
M7GY9fuIMsuezRX151,['Food and dining'],Worker,Silent,Morning,Introvert,Agadir
4y4Q1qAf9hYnb6e024,"['Gardening', 'Movies', 'Sports', 'Finance and investments']",Student,Silent,Night,Extrovert,Oujda
N8qPE6zqgsduzi5112,"['Books', 'Gaming', 'Gardening', 'Fashion']",Worker,Noisy,Morning,Extrovert,Rabat
OASUisO779k41WE046,['Pets'],Student,Silent,Morning,Introvert,Marrakech
ZbaBoIvBWgcuz15093,['Photography'],Student,Noisy,Night,Introvert,Rabat
vNME4J0Xe1ztt8u089,"['Cooking', 'Health and wellness', 'Cars and automobiles', 'History']",Student,Silent,Morning,Extrovert,Casablanca
E9NMMqTD6cE6TCn064,"['Art', 'Finance and investments', 'History']",Student,Noisy,Night,Introvert,Casablanca
ezVJS4EPk1xvHKN126,"['Social causes and activism', 'Pets']",Student,Silent,Morning,Introvert,Fes
aAot1WN1iqJWQpN110,"['Gardening', 'Parenting and family', 'Cooking']",Student,Noisy,Night,Extrovert,Casablanca
fSrWWLyP1dnNjK3127,"['Outdoor activities', 'DIY and crafts', 'Business and entrepreneurship', 'Cooking']",Worker,Noisy,Morning,Introvert,Agadir
IaQJo9ZkH02XxqW108,"['Books', 'Finance and investments']",Worker,Silent,Morning,Introvert,Rabat
tWl6p2XUElZdhJK128,"['Food and dining', 'Technology', 'Health and wellness', 'Art']",Student,Silent,Morning,Extrovert,Marrakech
5H8tPQ3grJQF8Dm056,"['History', 'Fitness']",Worker,Noisy,Night,Introvert,Agadir
rlXBbktOGaxaVaf126,"['History', 'Photography', 'Movies']",Worker,Noisy,Morning,Introvert,Casablanca
GI4GdNwKX3u17SW073,"['Food and dining', 'Politics', 'Science']",Worker,Noisy,Morning,Introvert,Fes
y1Ood7D3luVmQVZ119,['Finance and investments'],Student,Noisy,Night,Introvert,Oujda
l1PDNuMxyj9C25v077,"['Health and wellness', 'Politics', 'Parenting and family', 'Outdoor activities']",Student,Silent,Morning,Extrovert,Casablanca
tIEloR6EsuclvSW153,"['Education and learning', 'Gardening', 'Education and learning']",Worker,Noisy,Morning,Extrovert,Rabat
cbCaq8sXhKtoiTd108,"['Business and entrepreneurship', 'Technology']",Worker,Noisy,Night,Extrovert,Casablanca
TJv1zzDyR2b0Kv2087,['Cars and automobiles'],Worker,Silent,Morning,Introvert,Marrakech
qwOJqFnztxww0E7158,"['Beauty', 'Health and wellness']",Worker,Silent,Morning,Extrovert,Rabat
jYTEbOHUH1lhc1f073,"['Social causes and activism', 'Beauty', 'DIY and crafts']",Worker,Silent,Morning,Introvert,Agadir
JIuJ0e2fwC0OX81017,['Gardening'],Worker,Silent,Night,Introvert,Tangier
OZxiUQkwtmhTCX2180,"['Art', 'Fashion', 'Photography', 'Gardening']",Student,Silent,Morning,Introvert,Tangier
j2xJ4yb9d2aa21M974,['Gaming'],Student,Noisy,Night,Introvert,Fes
gaR5bRawgHv9zjm098,"['Books', 'Cooking', 'Education and learning', 'Art']",Worker,Silent,Morning,Introvert,Rabat
doNE1ToAx59ARBY071,['Travel'],Worker,Noisy,Night,Extrovert,Marrakech
6USoBikzixNPZzZ194,"['Social causes and activism', 'Finance and investments', 'Beauty']",Worker,Noisy,Morning,Introvert,Agadir
LWtgVPV6nxcwrXF184,"['Nature', 'Parenting and family', 'Business and entrepreneurship']",Student,Noisy,Night,Extrovert,Casablanca
58H9XVUJc3GfOKI057,['Beauty'],Worker,Noisy,Morning,Introvert,Casablanca
SXhDE4nYvlpKJQW158,['Movies'],Worker,Silent,Night,Extrovert,Oujda
DkUV4skVo3mCEgf094,"['Business and entrepreneurship', 'Pets']",Student,Noisy,Morning,Extrovert,Fes
NcP3DOgwY0qJeVd096,['DIY and crafts'],Worker,Silent,Night,Introvert,Agadir
sREhtyYl83xgFjn132,"['Sports', 'Cooking']",Worker,Silent,Night,Extrovert,Marrakech
uQ4TmQrCnknUgIo148,"['Food and dining', 'Health and wellness', 'Pets']",Student,Noisy,Night,Introvert,Tangier
qalusc6jZPfpbpV137,"['DIY and crafts', 'Fitness', 'Parenting and family']",Student,Silent,Morning,Introvert,Rabat
HgYJihYL2u4bCEH077,"['Photography', 'Business and entrepreneurship']",Student,Silent,Night,Extrovert,Oujda
RdCpVvdusuGde6A117,"['History', 'Travel', 'Travel']",Student,Silent,Night,Extrovert,Casablanca
JUATYORiGJu66Hn119,"['Business and entrepreneurship', 'Gaming', 'Health and wellness', 'Travel']",Worker,Noisy,Morning,Extrovert,Rabat
LwRvMxkZ321mFaI096,"['Education and learning', 'Outdoor activities', 'Fashion', 'Art']",Student,Noisy,Morning,Introvert,Marrakech
XygwSV3jhiHiPhs154,"['Parenting and family', 'History', 'Outdoor activities']",Worker,Noisy,Night,Introvert,Casablanca
ufpO0j7syXTHpPo146,['Gardening'],Student,Noisy,Morning,Introvert,Agadir
bATklw8elnbyz3w115,"['Outdoor activities', 'Travel']",Student,Noisy,Night,Introvert,Tangier
rFdTZ3YoTfi3ycH119,"['Food and dining', 'Health and wellness', 'Travel']",Worker,Noisy,Morning,Extrovert,Fes
Q06SVaQLHSCetk0072,"['Technology', 'Travel', 'Photography', 'Politics']",Worker,Noisy,Morning,Introvert,Fes
P5UHSdHrOHjM2ib086,"['DIY and crafts', 'Photography', 'Pets']",Worker,Noisy,Morning,Extrovert,Fes
BoNQ1xvcmKvBze0105,"['Beauty', 'Politics', 'Outdoor activities', 'Food and dining']",Worker,Noisy,Night,Introvert,Oujda
VxvzqRIgo2Yqig4152,"['Music', 'Technology', 'Movies', 'Fitness']",Worker,Noisy,Night,Introvert,Marrakech
QDFUrrJkXrv6BCv146,"['Politics', 'Sports']",Worker,Silent,Morning,Introvert,Fes
s5R4UsfOp5BEq0n062,['Outdoor activities'],Student,Silent,Night,Introvert,Casablanca
ga4w1pBbUnloLVF086,"['Science', 'Pets', 'Social causes and activism']",Worker,Noisy,Morning,Extrovert,Rabat
je3sDM6t2RbqHpz081,"['Science', 'Social causes and activism', 'Social causes and activism']",Student,Noisy,Morning,Introvert,Casablanca
2jZpACp8Ts3kdtb073,"['DIY and crafts', 'Movies', 'Beauty']",Student,Noisy,Night,Introvert,Agadir
i4d7MZWYJSjQX8F117,"['Cars and automobiles', 'Pets', 'Gardening']",Student,Silent,Morning,Introvert,Tangier
1FCoCiR5GsjDPsI072,"['Politics', 'Social causes and activism', 'Politics', 'Parenting and family']",Student,Silent,Night,Introvert,Oujda
H8r1Qp69lPt3mIb038,"['Finance and investments', 'Social causes and activism', 'Fashion']",Worker,Silent,Morning,Introvert,Agadir
x0Y1aPl25oBLJzX071,"['Books', 'Art', 'Books']",Worker,Noisy,Night,Introvert,Casablanca
lfXHvZkipqbea2v127,"['Outdoor activities', 'Parenting and family']",Student,Silent,Morning,Extrovert,Marrakech
x7PD4Fapfr21EQd027,"['Travel', 'DIY and crafts', 'Cooking']",Student,Silent,Night,Introvert,Casablanca
P29tZpOSCK5CSMA090,"['Art', 'Photography', 'Pets']",Student,Noisy,Morning,Extrovert,Agadir
wTnk9XB94p6ZniU104,['Education and learning'],Worker,Noisy,Morning,Introvert,Marrakech
wTlcdsgiqaKbLKO126,"['Movies', 'History', 'Books', 'Music']",Student,Noisy,Morning,Introvert,Fes
AsxloP9LxUJpPKG157,"['Education and learning', 'Sports', 'Science', 'Science']",Student,Noisy,Morning,Extrovert,Fes
QGLQb1e3buMRx18047,"['History', 'Finance and investments']",Worker,Noisy,Night,Introvert,Casablanca
V8KfV4BISxyhrhi123,"['DIY and crafts', 'Sports', 'Books', 'Politics']",Student,Silent,Night,Extrovert,Rabat
nRMy7FKGNrI6SQ0096,"['Gaming', 'Music', 'Outdoor activities', 'Movies']",Student,Silent,Night,Extrovert,Agadir
LQVh5Ja8F5Fs0k7017,['Technology'],Worker,Noisy,Morning,Extrovert,Marrakech
Z1OMhyhVIfG6aMz114,"['Cooking', 'History', 'Travel', 'Gaming']",Student,Noisy,Morning,Extrovert,Marrakech
dmAWcBidw9IMQaZ101,"['Health and wellness', 'Gardening', 'Food and dining', 'Politics']",Student,Noisy,Morning,Introvert,Rabat
xrNxqzWnK3aHyXz202,"['Travel', 'Technology', 'Technology', 'Social causes and activism']",Student,Noisy,Morning,Introvert,Rabat
N8nITTdTmgqifgK123,['Movies'],Worker,Silent,Morning,Introvert,Agadir
m8yEbbsTRJwWqM2128,"['Sports', 'Gardening']",Student,Silent,Night,Extrovert,Oujda
1DNnCw4wxvTQEl4102,"['Education and learning', 'Parenting and family', 'Gaming']",Student,Noisy,Night,Introvert,Tangier
pqA2XRS1RD0gPVP093,"['Sports', 'Science', 'Cooking', 'Pets']",Student,Noisy,Morning,Extrovert,Casablanca
5IPXGBD1c1Elbu9017,"['DIY and crafts', 'Art', 'Technology', 'Gardening']",Worker,Noisy,Morning,Extrovert,Agadir
poQfDBPXRzKakZN167,"['Science', 'Parenting and family', 'Travel']",Worker,Noisy,Night,Extrovert,Rabat
uI8KmMPniTbLyAj128,['Cooking'],Student,Noisy,Morning,Extrovert,Casablanca
e8F31KKq8WqGmZO067,"['Technology', 'Movies', 'Music']",Student,Noisy,Morning,Introvert,Tangier
IdUBKYqlc4OuQep126,"['Photography', 'Cooking', 'Cars and automobiles', 'Music']",Worker,Noisy,Night,Extrovert,Rabat
653tNuSRIW0AjJx079,"['Art', 'Music', 'Fashion']",Worker,Silent,Morning,Extrovert,Agadir
5xRD03D6rfQAsf4015,['Gaming'],Student,Silent,Night,Extrovert,Agadir
OA6MrL1gG4bXMfM054,['DIY and crafts'],Worker,Silent,Night,Introvert,Rabat
t1b9omLFomHlDNe077,"['Politics', 'DIY and crafts']",Student,Noisy,Night,Introvert,Agadir
txk4epZ1Ng5XvTA112,"['Fashion', 'Fitness']",Student,Noisy,Night,Extrovert,Rabat
nZQTIlsgttrWqlU215,"['Science', 'Books']",Worker,Noisy,Night,Extrovert,Fes
9JroALhIU7TQWX4110,"['Movies', 'Books', 'Art', 'Art']",Student,Silent,Morning,Extrovert,Agadir
KLvBJDW9gs9D2O2047,"['Outdoor activities', 'Photography', 'Gardening', 'Fashion']",Student,Silent,Night,Extrovert,Oujda
2Ah7Jcdq9u1xC7r015,"['Technology', 'Cooking']",Worker,Noisy,Morning,Introvert,Oujda
xDs8N31hQoluy8w098,"['Cooking', 'Fashion', 'Science', 'Photography']",Student,Noisy,Morning,Extrovert,Tangier
cDivnhu8930DL4m014,"['Pets', 'Fashion', 'DIY and crafts', 'Cooking']",Worker,Silent,Night,Extrovert,Fes
hQXT0rjIXoJwkts172,"['Music', 'Pets', 'Sports']",Worker,Noisy,Night,Introvert,Agadir
i7nMuCpasnB23i8037,"['DIY and crafts', 'Nature', 'Parenting and family', 'Travel']",Worker,Silent,Morning,Introvert,Tangier
Yg2ItZx2ThhORPs147,['Social causes and activism'],Worker,Silent,Morning,Extrovert,Oujda
KlFICwmQMRew8TC128,"['Cars and automobiles', 'Gardening', 'Music']",Student,Silent,Morning,Extrovert,Casablanca
oaU1vMwa8Dv4UMd085,"['Photography', 'Parenting and family', 'Outdoor activities']",Worker,Silent,Morning,Introvert,Oujda
UOHrV3XWRLy3MfY164,"['Gaming', 'Beauty', 'Science']",Student,Noisy,Morning,Introvert,Agadir
mXdC3SYvVEIxohM153,"['Movies', 'Education and learning']",Worker,Silent,Morning,Introvert,Fes
XZUI4qmPPmTbTAd150,"['Social causes and activism', 'Science', 'Cars and automobiles', 'Health and wellness']",Student,Noisy,Night,Introvert,Casablanca
h8eE41rLYEpJnDA048,"['Food and dining', 'Music', 'Gaming']",Worker,Noisy,Night,Introvert,Marrakech
k867IqVN99Hn3AB004,"['Social causes and activism', 'Fashion']",Worker,Noisy,Night,Extrovert,Rabat
kSjMjrffw6Fe1bd068,"['Politics', 'Outdoor activities', 'Pets', 'Art']",Worker,Noisy,Night,Introvert,Fes
pkN00CJU0tPxrP8073,"['Education and learning', 'Cooking', 'Parenting and family']",Student,Noisy,Night,Introvert,Fes
fcauA8GkLD4pmeo055,"['Education and learning', 'Movies', 'Fitness']",Worker,Silent,Morning,Introvert,Rabat
enUOASKjl2J1vSc093,"['Movies', 'Music']",Student,Silent,Night,Extrovert,Fes
U7WNINaSjMzArnL146,"['Food and dining', 'DIY and crafts']",Student,Noisy,Morning,Introvert,Marrakech
aDgYaddwqzWz2xP147,"['Movies', 'Photography', 'Finance and investments']",Worker,Silent,Night,Extrovert,Fes
RISaMk7nI1S6ZbH075,"['Music', 'Parenting and family', 'Outdoor activities']",Worker,Noisy,Night,Extrovert,Rabat
tnn1wIJnj8xZ6nk116,"['Outdoor activities', 'Politics', 'Food and dining', 'Nature']",Student,Noisy,Night,Introvert,Agadir
DpoCSkrhKvhaGGd114,"['History', 'Cars and automobiles']",Student,Noisy,Night,Extrovert,Agadir
TQhiR7gi1WIVztb126,"['DIY and crafts', 'Art', 'Education and learning', 'Food and dining']",Worker,Noisy,Night,Extrovert,Marrakech
CNXq4CtXsrTBkgC133,"['Technology', 'Health and wellness']",Worker,Noisy,Morning,Introvert,Oujda
RrcsC2x4wRcyEhT121,"['Parenting and family', 'Parenting and family', 'Fashion', 'Art']",Student,Silent,Night,Extrovert,Agadir
YfLjJw5uzxQEI7L140,"['Education and learning', 'Business and entrepreneurship', 'Cars and automobiles', 'Fashion']",Student,Silent,Morning,Extrovert,Marrakech
3KHmwnKjW7aeM2g063,"['DIY and crafts', 'History']",Student,Noisy,Night,Extrovert,Tangier
c1zhta9YtQEvZNn139,"['Music', 'Art', 'Science']",Worker,Silent,Morning,Introvert,Tangier
vnl3WYL9aRAyZyq161,"['Education and learning', 'Nature', 'Fitness']",Worker,Noisy,Night,Extrovert,Casablanca
JPlsbbbWD9sKUKs124,"['Cars and automobiles', 'Gaming', 'Technology', 'Cooking']",Student,Noisy,Night,Introvert,Tangier
uscPIrwSM5ggbZa133,"['Gardening', 'Art', 'Books', 'Food and dining']",Student,Noisy,Morning,Introvert,Oujda
gg1qS4owcuht7bT086,['Science'],Worker,Noisy,Morning,Introvert,Rabat
U2gxGlFUwmF1SoR123,"['Music', 'Food and dining', 'Beauty']",Worker,Silent,Morning,Introvert,Marrakech
txqLiJ0WVkkXKRs175,['Cooking'],Student,Silent,Morning,Introvert,Fes
L5nbKN83AznIhdh051,"['Business and entrepreneurship', 'Science', 'Fitness']",Worker,Silent,Morning,Extrovert,Oujda
T2ZSfDlHMO5wrUP136,"['Business and entrepreneurship', 'Movies']",Student,Noisy,Night,Extrovert,Casablanca
Rxybx7whzQOpT0k164,['Gaming'],Worker,Silent,Morning,Extrovert,Marrakech
6j4j7eIjXD0IPOX049,"['Photography', 'Music']",Student,Noisy,Morning,Extrovert,Rabat
REX1XkP94BHg7eN051,"['Politics', 'Business and entrepreneurship', 'Gaming', 'Cooking']",Worker,Silent,Night,Introvert,Marrakech
zaiNnN7tCdWuVIe136,['Technology'],Worker,Silent,Night,Extrovert,Agadir
vYrvzVqjrxCYZm6221,['Cooking'],Student,Noisy,Morning,Extrovert,Tangier
MlMLyXYhR37TIsK147,"['Business and entrepreneurship', 'Politics', 'Movies']",Student,Noisy,Night,Introvert,Oujda
kJQGZa0lzMvzqll156,"['Photography', 'Nature', 'Cars and automobiles', 'Nature']",Student,Noisy,Night,Extrovert,Fes
ZnJchQfTr1jR8E8084,"['Fitness', 'Food and dining']",Student,Noisy,Night,Extrovert,Tangier
0Uw1UyXo0CUNE6P091,"['Photography', 'Outdoor activities', 'DIY and crafts', 'Fitness']",Worker,Silent,Morning,Introvert,Marrakech
yrMv5EP19bAL1KJ047,"['Music', 'DIY and crafts', 'Photography']",Worker,Noisy,Morning,Introvert,Oujda
fdC45Mx6KLdLVAm052,"['Education and learning', 'Nature', 'History']",Worker,Noisy,Night,Introvert,Casablanca
ck8lzRlLjDegqKj110,"['Gardening', 'Technology', 'Fashion', 'Photography']",Student,Silent,Morning,Introvert,Agadir
YndJFj37MAuadRV087,"['DIY and crafts', 'Nature', 'Music', 'Music']",Student,Noisy,Morning,Extrovert,Casablanca
HUAqDN9U0qjQZzy144,"['Music', 'DIY and crafts', 'Social causes and activism']",Worker,Silent,Morning,Extrovert,Rabat
7RL0UqXWkcGZgnM131,['Sports'],Student,Noisy,Night,Introvert,Rabat
Xf6FBpPyWVU6trb141,"['Art', 'Travel', 'Social causes and activism']",Student,Noisy,Morning,Extrovert,Casablanca
GYPVlgDb6Pv9BFv106,['Gaming'],Worker,Noisy,Night,Extrovert,Tangier
pVkytvald3jioQr149,"['Business and entrepreneurship', 'Science', 'Health and wellness']",Student,Silent,Night,Introvert,Marrakech
AADV3tkmZsmqCx6111,"['Books', 'Cars and automobiles', 'Social causes and activism']",Student,Silent,Morning,Extrovert,Marrakech
CtKI5Sbmy8cw0VU096,['Finance and investments'],Student,Noisy,Night,Introvert,Agadir
3yWYxGkbmoZdr9m146,"['Health and wellness', 'Gaming', 'Books']",Student,Silent,Night,Extrovert,Marrakech
SolK8Mzh2YDbE8g077,"['Photography', 'Education and learning', 'DIY and crafts']",Student,Noisy,Morning,Introvert,Agadir
rsrwWgkQ3rgILOi153,"['Beauty', 'DIY and crafts', 'Business and entrepreneurship', 'Business and entrepreneurship']",Worker,Noisy,Night,Introvert,Marrakech
qBv97XUuYiMNH1L117,"['Education and learning', 'Fitness', 'Business and entrepreneurship', 'Nature']",Student,Silent,Night,Extrovert,Fes
tdtLM3H9ts21b2C018,"['Politics', 'Social causes and activism', 'Parenting and family']",Worker,Noisy,Morning,Introvert,Tangier
0rdvMg3Cglyz2s8065,"['Pets', 'Photography', 'Education and learning', 'Art']",Worker,Silent,Night,Extrovert,Tangier
K6hwXpD0Kyq1Gk0060,['Science'],Worker,Noisy,Morning,Extrovert,Rabat
MVN8BNmcwx0n6E8065,"['Nature', 'Technology', 'Gardening', 'History']",Student,Silent,Night,Introvert,Oujda
1uEwXbe4ktpDD0D056,"['Finance and investments', 'Fashion', 'Gardening', 'Cars and automobiles']",Student,Silent,Morning,Extrovert,Fes
jDf2yhZzdmyHN8Q124,"['Photography', 'Science', 'Fashion', 'Movies']",Worker,Noisy,Night,Extrovert,Tangier
Hx0S4a6QY1uDW5j048,"['Education and learning', 'Science']",Worker,Silent,Night,Introvert,Agadir
ECGcG0xC0vKQXoO084,"['Cars and automobiles', 'Parenting and family']",Student,Noisy,Morning,Introvert,Oujda
5bFjBTO22fBkVXi050,['Movies'],Worker,Silent,Morning,Introvert,Rabat
900XRrfj3HPM5hw041,"['Travel', 'Cooking', 'Science']",Worker,Noisy,Night,Extrovert,Fes
g2XYFE7UYQ85mvL095,"['Gardening', 'Music']",Worker,Noisy,Night,Introvert,Marrakech
XKAkUX72Ndn1HWc080,"['Nature', 'Parenting and family', 'Business and entrepreneurship']",Worker,Silent,Morning,Introvert,Rabat
cJSEodVZgwJ13sv117,"['Politics', 'Gardening']",Student,Silent,Night,Introvert,Rabat
AfMMPbnRcF7hkIU092,['Science'],Student,Noisy,Morning,Introvert,Casablanca
1ul8sTvymI9fU17074,"['Art', 'Science']",Worker,Noisy,Night,Extrovert,Casablanca
6VkSGaYZ4aoOKul124,"['Social causes and activism', 'Nature', 'DIY and crafts']",Worker,Noisy,Night,Extrovert,Rabat
nAllV8DNO6m6ty7075,"['Food and dining', 'Technology', 'Business and entrepreneurship']",Worker,Silent,Morning,Introvert,Agadir
bnur0PjaLYNQebZ127,"['Nature', 'Fitness', 'Photography', 'Movies']",Student,Noisy,Morning,Extrovert,Rabat
JeAuElE3WXXgaSx128,"['Health and wellness', 'Gaming', 'Outdoor activities', 'Gaming']",Student,Silent,Morning,Extrovert,Rabat
OrHJNBZgJ6OBNaS111,['Technology'],Student,Noisy,Morning,Introvert,Fes
0bgeQ1wU0JNPgiV066,['DIY and crafts'],Student,Silent,Night,Extrovert,Oujda
uWiOnX6A0el0h40022,"['History', 'Business and entrepreneurship', 'Music']",Student,Silent,Morning,Introvert,Agadir
RwH6TphIasoH4Sf108,['Health and wellness'],Student,Silent,Morning,Extrovert,Agadir
ceBSgYTG4Z1jTrc098,"['Outdoor activities', 'Business and entrepreneurship', 'Science', 'Food and dining']",Student,Noisy,Night,Extrovert,Rabat
h4oPCPT3pqRHJCu106,"['Outdoor activities', 'Technology', 'Outdoor activities']",Student,Silent,Night,Introvert,Oujda
UYUeELAyO0qVx8n143,['Pets'],Worker,Silent,Night,Extrovert,Rabat
39x2MN6ezl1mQwC051,"['Music', 'Gaming', 'Politics']",Student,Silent,Morning,Extrovert,Casablanca
IMoIa1coEO33laj027,"['Health and wellness', 'Fitness', 'Technology', 'Travel']",Worker,Silent,Night,Extrovert,Rabat
dZhex1Zp5q31hj0034,"['Business and entrepreneurship', 'Technology']",Student,Silent,Night,Extrovert,Tangier
233DB2HUEdvoGDv020,"['Gardening', 'Music']",Student,Noisy,Morning,Introvert,Casablanca
miZlVFrRePcTly9158,['Food and dining'],Worker,Noisy,Morning,Introvert,Marrakech
UeoU7hhR2HPP9U9080,"['Cars and automobiles', 'Art', 'Business and entrepreneurship']",Student,Silent,Morning,Extrovert,Oujda
3a940Gbi7dDoyaG978,"['Beauty', 'Photography']",Worker,Noisy,Night,Extrovert,Agadir
L3rgEkpgiTh2g95035,"['Gaming', 'Nature', 'Travel']",Worker,Silent,Morning,Extrovert,Fes
XPVx7HHD57Fsjt5081,"['DIY and crafts', 'Travel', 'Outdoor activities']",Student,Silent,Morning,Introvert,Fes
k3PX3wMexHDRmmO121,"['Sports', 'Science', 'DIY and crafts']",Student,Silent,Morning,Extrovert,Marrakech
hxy1SLxTuOxZKwp213,"['Gardening', 'Technology', 'Gaming']",Student,Noisy,Night,Extrovert,Agadir
YuCCHqyDVInJ5d1099,['Fitness'],Worker,Noisy,Morning,Extrovert,Marrakech
pLn1c7rgfUP6o69037,"['Beauty', 'Gaming', 'Sports', 'Beauty']",Student,Silent,Night,Introvert,Tangier
KxuylACpy9V7HIH129,"['Sports', 'Art', 'Social causes and activism', 'Gaming']",Worker,Silent,Morning,Introvert,Oujda
bVabVxsEL366Lk3046,"['Science', 'Food and dining', 'DIY and crafts']",Student,Silent,Morning,Extrovert,Tangier
SDBZb8pABdyGxTt124,"['Nature', 'Science']",Worker,Noisy,Morning,Extrovert,Rabat
DDTWny0iMulJCGf115,"['Cooking', 'Travel']",Student,Silent,Morning,Extrovert,Fes
TtATHYcILK4fWrr142,"['Sports', 'Gardening']",Worker,Noisy,Night,Extrovert,Marrakech
4odthiYl45uJcK1048,"['Fitness', 'History', 'Finance and investments']",Worker,Silent,Night,Introvert,Tangier
XbqH9AuaBsSpQ1F091,"['Parenting and family', 'Science']",Worker,Noisy,Night,Extrovert,Fes
uHtl5rdmGY6RhYD122,"['Pets', 'Beauty', 'History', 'Cars and automobiles']",Student,Silent,Morning,Introvert,Agadir
bFj9QLC6mfX19Vz062,"['Fitness', 'Gardening', 'Photography', 'Sports']",Worker,Noisy,Night,Introvert,Agadir
cGg1kHzNg7BPBSM071,['Outdoor activities'],Worker,Noisy,Morning,Extrovert,Fes
SQ7Vt1G5mv1zkQY109,"['Politics', 'Sports', 'Art', 'Gaming']",Student,Noisy,Night,Introvert,Casablanca
k4hLhm4ZP2tvLoU106,['Health and wellness'],Worker,Silent,Night,Extrovert,Agadir
D3T1MiIDdrhI08g013,"['Gaming', 'Politics', 'Pets', 'DIY and crafts']",Student,Silent,Morning,Extrovert,Agadir
nkbganGuEVUglOq136,"['Health and wellness', 'Sports', 'Outdoor activities']",Worker,Silent,Night,Introvert,Marrakech
CthRZtihXXaJqKI168,"['Books', 'Outdoor activities']",Worker,Silent,Morning,Introvert,Oujda
AXE9yXMQHvftG0m122,"['Gaming', 'Art', 'Cars and automobiles']",Worker,Silent,Night,Introvert,Fes
FJEXct73jnmVKM0073,"['Travel', 'Science', 'Pets']",Worker,Noisy,Night,Introvert,Marrakech
qgSTfNhPyFAKSXU174,['Food and dining'],Worker,Silent,Night,Introvert,Agadir
cgfkA2pX2P1eyAq049,['Beauty'],Worker,Noisy,Morning,Introvert,Tangier
bRrlMEOg7jeIyiQ116,"['Politics', 'Gaming']",Student,Noisy,Morning,Introvert,Rabat
LaiLogrw6IBwKxV138,"['Cooking', 'Food and dining']",Worker,Silent,Night,Introvert,Agadir
iO494nM69bvoXs1030,"['Pets', 'Art', 'Fitness', 'Books']",Student,Noisy,Morning,Extrovert,Oujda
NaliSyU0KVMZLFp151,"['Technology', 'Music', 'Technology']",Student,Silent,Night,Introvert,Oujda
bMm40Nt9X3wtPnP087,"['Fashion', 'Business and entrepreneurship']",Worker,Noisy,Night,Extrovert,Agadir
CQSl01PaJSaLsrJ086,['Gaming'],Worker,Noisy,Night,Extrovert,Agadir
UyCwCaSTRxazr0H154,"['Gardening', 'Beauty']",Student,Noisy,Night,Extrovert,Casablanca
CXii7MpGelqjT8P104,"['Cooking', 'Art', 'Business and entrepreneurship', 'Parenting and family']",Worker,Noisy,Night,Introvert,Agadir
g4e8WY5hJEBw7qt065,"['Technology', 'Cars and automobiles']",Worker,Noisy,Night,Extrovert,Marrakech
SU6hNkna25jo0y1032,"['Education and learning', 'Food and dining']",Student,Noisy,Morning,Extrovert,Rabat
ZM4iql7ZVuKpDKA128,"['DIY and crafts', 'Food and dining', 'Science', 'Books']",Worker,Silent,Morning,Extrovert,Oujda
BXiuvngS8zSx6Gc139,['Music'],Worker,Noisy,Night,Introvert,Rabat
Qq95X9NXXs8KhtC108,['Movies'],Worker,Noisy,Night,Introvert,Agadir
jXNEleURGkf9GqF116,"['Books', 'Nature', 'Gardening', 'Business and entrepreneurship']",Student,Silent,Night,Extrovert,Rabat
9OQE3FeL2ktwvev089,"['Art', 'Finance and investments', 'Fitness']",Worker,Silent,Morning,Extrovert,Agadir
kQCQg9VsFU3wcC8084,"['Gardening', 'Parenting and family', 'Food and dining']",Student,Silent,Night,Introvert,Casablanca
GRyEi5fSijjSWvP147,"['Pets', 'Beauty', 'Music', 'Travel']",Worker,Noisy,Night,Introvert,Oujda
pWKVlnena7IPT3P117,['Science'],Student,Silent,Night,Introvert,Fes
8P7hvQ9S7HhTCCn065,"['Parenting and family', 'Nature']",Worker,Noisy,Morning,Introvert,Oujda
TLM0J543CKqb05f975,"['Travel', 'Pets', 'Pets', 'Gaming']",Worker,Silent,Night,Introvert,Fes
eSktJOZNixIlUXt199,"['Gaming', 'Technology', 'Fitness', 'Outdoor activities']",Worker,Silent,Night,Introvert,Tangier
c3jcPjKcZYzDpR6108,"['Technology', 'Cooking']",Worker,Noisy,Night,Introvert,Fes
phISCaatiIqgnsV134,['Beauty'],Student,Noisy,Night,Introvert,Oujda
KO1oPAJbZkv4q4j077,"['Pets', 'Business and entrepreneurship']",Student,Silent,Morning,Extrovert,Agadir
yrHSo9QJoZfRQZV195,"['Art', 'Art', 'Fitness', 'Fitness']",Student,Noisy,Night,Extrovert,Fes
UhT3bH5Tg5whaas063,"['Outdoor activities', 'Education and learning', 'Cooking']",Worker,Noisy,Night,Extrovert,Fes
XYnx2oA765phXl9072,"['Music', 'Food and dining', 'Politics']",Worker,Silent,Night,Extrovert,Fes
fkQi06BJ7j9alVj028,"['Technology', 'Beauty']",Worker,Silent,Morning,Introvert,Casablanca
ZGL27qNtHPVYfmD127,['DIY and crafts'],Worker,Silent,Night,Extrovert,Marrakech
sokOzAQtu4uCISI154,['Politics'],Student,Noisy,Night,Introvert,Oujda
WgFQvBJYVQdNgxt180,"['Politics', 'Cooking', 'Pets', 'Education and learning']",Worker,Noisy,Night,Extrovert,Rabat
SbJ8CkYvzTvZx9a156,"['Books', 'Gardening']",Worker,Noisy,Morning,Introvert,Fes
1vDMUtizyAuXxob172,"['Technology', 'Art', 'History']",Student,Silent,Night,Extrovert,Marrakech
4SEQS4tdf9wZLPI105,"['Technology', 'Sports']",Student,Silent,Morning,Introvert,Tangier
3Wx2RY4tTjUZb5g106,"['Gardening', 'Health and wellness']",Student,Noisy,Morning,Introvert,Marrakech
rvBTT8VzvVJQJeW191,"['Gardening', 'Fashion']",Student,Noisy,Morning,Extrovert,Fes
qfaKPnfsiYQ82Kb092,"['Politics', 'Nature', 'Travel', 'Photography']",Student,Silent,Morning,Introvert,Rabat
pnZSfe0w0WsbYak118,"['Beauty', 'Travel']",Student,Silent,Night,Extrovert,Casablanca
QbfUkLMGmrhPYPI154,"['Social causes and activism', 'DIY and crafts', 'Fitness', 'Politics']",Student,Noisy,Morning,Introvert,Agadir
Z3lOPXTaMTeWv8A137,"['Social causes and activism', 'Photography', 'DIY and crafts', 'Beauty']",Student,Silent,Night,Introvert,Tangier
f9HO37E8zHdGzxJ062,"['Cooking', 'Sports', 'Gardening']",Worker,Noisy,Night,Extrovert,Agadir
uleFI1LPXMfeRvQ131,"['Education and learning', 'Movies']",Worker,Noisy,Morning,Introvert,Fes
IaLd15ZFw8TzXru116,"['Gardening', 'Gaming']",Student,Silent,Morning,Extrovert,Tangier
tCtaSzCW8S9V1R7095,"['Business and entrepreneurship', 'Food and dining', 'Fitness']",Worker,Silent,Night,Introvert,Tangier
Lxpofl1wT9b001O036,['Nature'],Worker,Noisy,Night,Introvert,Fes
PD0cTfS7kopiGAC065,"['Health and wellness', 'Fashion', 'Health and wellness']",Worker,Silent,Night,Extrovert,Oujda
k0PlhF6kiCjMcog058,"['Gardening', 'Fashion']",Student,Silent,Morning,Extrovert,Marrakech
hm9Srk66g3wbqCS060,"['Education and learning', 'Finance and investments', 'History']",Student,Silent,Night,Extrovert,Marrakech
oWqdf8Z8GgdXXwn138,"['Nature', 'Sports']",Student,Noisy,Night,Extrovert,Agadir
Tea0iuDzipA91CG044,['DIY and crafts'],Worker,Noisy,Night,Extrovert,Agadir
zxfyCDNmEgksO1I126,"['Books', 'History', 'Movies', 'Gardening']",Worker,Noisy,Morning,Introvert,Fes
fiaQtTIURKYMvpK179,['Finance and investments'],Worker,Noisy,Night,Introvert,Fes
Bl6BNzlMbZliyjm128,"['Music', 'Nature', 'Gardening', 'Food and dining']",Worker,Noisy,Morning,Introvert,Agadir
hxpzkZ1OhkFfSbe128,"['DIY and crafts', 'Pets', 'Movies', 'Business and entrepreneurship']",Worker,Silent,Night,Extrovert,Fes
ObYqy3MBroTUsZ5154,"['Science', 'Social causes and activism', 'Books']",Worker,Silent,Morning,Extrovert,Casablanca
JEj7DvVwDNMTMXS154,"['Business and entrepreneurship', 'Nature', 'Gardening', 'Gaming']",Worker,Noisy,Morning,Extrovert,Rabat
zDuYGiZZChcPCoj162,"['Food and dining', 'Fitness']",Student,Silent,Night,Extrovert,Fes
UJclxq9Jk6oXemS127,"['Outdoor activities', 'Education and learning']",Student,Silent,Morning,Introvert,Rabat
MFg42695UFHbxA1979,"['Business and entrepreneurship', 'Science', 'Science', 'Food and dining']",Student,Noisy,Night,Extrovert,Oujda
H8bgWUBIALnhDsK093,"['Parenting and family', 'Photography']",Worker,Noisy,Morning,Introvert,Agadir
QUEQXWkKjPs2LgM152,"['Sports', 'Health and wellness', 'Food and dining', 'Nature']",Student,Noisy,Night,Extrovert,Rabat
iej2hJ3dfDTDwBe043,"['Beauty', 'Travel', 'Education and learning', 'Finance and investments']",Student,Noisy,Morning,Introvert,Marrakech
Tmvs7aEZwnmZiLl166,['Food and dining'],Worker,Noisy,Morning,Introvert,Agadir
gHGE5wNVsRnvfCI126,"['Beauty', 'Photography']",Student,Silent,Night,Introvert,Casablanca
81f8WADHDa6ApZZ035,"['Pets', 'DIY and crafts', 'Business and entrepreneurship', 'DIY and crafts']",Student,Silent,Morning,Introvert,Rabat
cjXRwxqBKg58cuX128,['Parenting and family'],Worker,Noisy,Morning,Extrovert,Agadir
m7bDyaRGEbuTfbu098,"['Parenting and family', 'Fashion', 'Beauty']",Student,Silent,Night,Extrovert,Oujda
UvtzMA6X0yDDqJk132,"['Education and learning', 'Beauty', 'DIY and crafts']",Worker,Silent,Morning,Introvert,Oujda
CbWdafH6ma2uoya059,"['Nature', 'Fitness']",Student,Noisy,Morning,Extrovert,Oujda
slFu6S6oG8Buzkc094,"['Gaming', 'Fitness', 'Science', 'Fitness']",Student,Noisy,Night,Extrovert,Marrakech
TgqB0AGsbmOLYCL099,"['Social causes and activism', 'Nature']",Student,Noisy,Night,Introvert,Oujda
a6EvDIV8L7ZpCz5068,['Finance and investments'],Student,Noisy,Night,Introvert,Tangier
xURp7m5vXLRSeqR167,"['Beauty', 'Cooking']",Worker,Silent,Night,Introvert,Tangier
TCOzvOzRIvyZRjn229,"['Fashion', 'DIY and crafts']",Worker,Silent,Morning,Introvert,Tangier
XRr1HgxLYDueiOd139,"['Travel', 'Social causes and activism', 'Finance and investments', 'Finance and investments']",Worker,Silent,Night,Introvert,Rabat
W3KSJXqLEtPqYl2144,"['Parenting and family', 'History', 'Sports', 'Finance and investments']",Student,Noisy,Morning,Introvert,Casablanca
s7XxidQs0TV4X1M103,"['Fashion', 'Photography']",Worker,Silent,Morning,Extrovert,Oujda
RRUu3PyTfFAGtWl161,"['Sports', 'Technology', 'DIY and crafts', 'Finance and investments']",Student,Noisy,Night,Introvert,Casablanca
E6fYB44LtniAXJp070,['Politics'],Worker,Noisy,Night,Introvert,Rabat
k9gUHkTZpzOXdCP161,"['Gardening', 'Technology']",Worker,Silent,Morning,Introvert,Fes
X6c7iERYjwNedcd088,"['History', 'Science', 'Business and entrepreneurship']",Worker,Silent,Night,Extrovert,Oujda
wJ8s0udZDx0pRb1072,"['Technology', 'Parenting and family', 'Sports', 'Books']",Student,Silent,Night,Extrovert,Agadir
mLmSZ4HwkbmymyD155,"['Sports', 'Fitness', 'Fashion', 'Gaming']",Worker,Silent,Morning,Introvert,Marrakech
qdbuYJSmhkbtej3114,"['Technology', 'Pets', 'Food and dining']",Worker,Noisy,Morning,Extrovert,Marrakech
YXpzYJpDz3uZiDj189,"['Politics', 'Education and learning', 'Photography', 'DIY and crafts']",Worker,Noisy,Morning,Introvert,Fes
HI99UzdeER3k6Iu060,['Science'],Student,Silent,Morning,Extrovert,Marrakech
vALbztS2uEOz3HS129,['History'],Worker,Noisy,Night,Extrovert,Casablanca
i5P2z4L31OryL8N034,['Politics'],Worker,Silent,Morning,Extrovert,Rabat
KIbsAuc6XsWlnL8112,['Art'],Worker,Noisy,Night,Introvert,Casablanca
5ToycWU6MMMijVT146,['Food and dining'],Student,Silent,Morning,Introvert,Oujda
Dir0Bz45h1l3FjM001,['Nature'],Student,Noisy,Night,Introvert,Oujda
vCvowvdIHwWc1i0115,"['Gardening', 'DIY and crafts', 'Fitness']",Worker,Noisy,Morning,Introvert,Agadir
YuSjoSlyamr3ev0136,['Education and learning'],Worker,Silent,Morning,Extrovert,Fes
sXS9pymMJrm2bTl143,"['Nature', 'Travel']",Student,Silent,Night,Extrovert,Oujda
N52VqQwS60UBgGg065,"['Business and entrepreneurship', 'Social causes and activism', 'DIY and crafts']",Worker,Silent,Night,Introvert,Tangier
E6Ukq0FFqwh8PVE083,"['Beauty', 'Food and dining', 'Pets']",Worker,Silent,Night,Extrovert,Oujda
FY866z9CBfH5IJ7000,"['Gaming', 'DIY and crafts', 'Business and entrepreneurship', 'Business and entrepreneurship']",Worker,Noisy,Night,Extrovert,Agadir
WGwf7Bzo9nDckxx126,['Social causes and activism'],Student,Silent,Night,Extrovert,Marrakech
2iqwdcdi20EyNS1033,"['Books', 'Music']",Worker,Silent,Night,Introvert,Agadir
TOxPPgfCBC4M9se090,"['Education and learning', 'Travel']",Student,Noisy,Night,Extrovert,Casablanca
ZAYNMaW6oTJiTM5129,"['Science', 'Art']",Worker,Silent,Night,Introvert,Casablanca
FONq2gCHYYkHaCZ115,['Outdoor activities'],Worker,Noisy,Night,Introvert,Fes
N3WfMQPWSQ9BRen127,"['Technology', 'Science', 'Fitness', 'Nature']",Worker,Noisy,Morning,Extrovert,Marrakech
9VDWoBYful6zbJH119,['DIY and crafts'],Student,Silent,Morning,Extrovert,Agadir
E6nnw1ruXews14L086,['DIY and crafts'],Worker,Silent,Night,Extrovert,Casablanca
82DvwWfDRO86uPH080,"['Health and wellness', 'Fitness']",Worker,Silent,Morning,Introvert,Marrakech
QB8Ap0e5ljbD67P991,"['Gaming', 'History', 'Art', 'Music']",Worker,Silent,Night,Extrovert,Oujda
2rMQto2vpbKSgQz135,"['DIY and crafts', 'Politics', 'Music']",Student,Silent,Morning,Extrovert,Marrakech
RO2W6XShoNuEfQf127,"['Beauty', 'Music', 'Science']",Worker,Silent,Night,Extrovert,Marrakech
WhY5MIX8KwmZafn137,"['Politics', 'Fashion', 'Cars and automobiles', 'Nature']",Worker,Noisy,Morning,Introvert,Rabat
p8r1HIfdjbbHJPc049,['Music'],Student,Noisy,Morning,Extrovert,Agadir
57m7QJTepxSifZB098,"['Science', 'Finance and investments', 'DIY and crafts']",Worker,Silent,Night,Introvert,Fes
Ra0lNfyPUR3Br8n088,['Gardening'],Worker,Noisy,Morning,Introvert,Fes
gPijOj5iIXG7MDu094,['History'],Student,Silent,Night,Introvert,Oujda
i6jFWGi851OIlIm038,['Art'],Student,Noisy,Night,Introvert,Agadir
rZdmicZlysU6pVN178,"['Parenting and family', 'Gardening', 'Outdoor activities', 'DIY and crafts']",Student,Noisy,Night,Extrovert,Oujda
D0N0WPVOxKzf7rN112,"['Fashion', 'Music']",Student,Noisy,Night,Extrovert,Tangier
W7zZsOB5YAEIRmU143,"['Nature', 'Fashion', 'Politics', 'History']",Worker,Silent,Night,Introvert,Oujda
mOhgGVabCof5TYx117,"['Movies', 'Social causes and activism', 'Art']",Student,Noisy,Morning,Extrovert,Marrakech
UEUKKnEc5e78mLi062,"['Books', 'Business and entrepreneurship', 'Technology', 'Art']",Worker,Silent,Night,Introvert,Tangier
SQmOo6T7iqySIxF149,"['Education and learning', 'Travel', 'Health and wellness']",Worker,Silent,Night,Introvert,Rabat
bgS5tgIWIgA7nW9074,"['Movies', 'Business and entrepreneurship', 'Cars and automobiles', 'Politics']",Worker,Noisy,Morning,Introvert,Agadir
W9rAeApYlzUrytf170,['Pets'],Worker,Noisy,Night,Extrovert,Fes
UFfoCBVhb91F74K019,"['Pets', 'Social causes and activism', 'Food and dining']",Worker,Silent,Night,Introvert,Marrakech
g98JBV4Qi2MMpqf051,['Politics'],Worker,Silent,Night,Extrovert,Agadir
gHuRQg3g0D7QALq058,"['Finance and investments', 'Fashion', 'Beauty', 'Science']",Worker,Noisy,Night,Introvert,Rabat
Hm90yqlKfWaPx3b082,"['Pets', 'Cars and automobiles', 'Science']",Worker,Noisy,Morning,Extrovert,Casablanca
dFyG6nJ3PWhS9jB074,"['Photography', 'Politics']",Student,Silent,Night,Extrovert,Rabat
b9Cx89bWusm0RWX094,['Gaming'],Worker,Noisy,Morning,Extrovert,Agadir
C4QLZ1RAW0e0EIk031,"['Outdoor activities', 'Science', 'Books', 'Movies']",Worker,Noisy,Night,Extrovert,Marrakech
DF44JMr1Bz2IhEs027,"['Movies', 'Books', 'Politics']",Student,Noisy,Morning,Introvert,Casablanca
OKcaHYD0yDOotsf115,"['History', 'Food and dining']",Student,Silent,Morning,Introvert,Tangier
c7BE8VXHMH5X7rB052,"['Science', 'Movies']",Worker,Silent,Morning,Extrovert,Tangier
WOfGHFzs8Yaq8nt131,"['Music', 'Parenting and family']",Student,Silent,Morning,Introvert,Marrakech
mqopb093C4zMRu0040,"['Food and dining', 'Beauty', 'Pets', 'Education and learning']",Worker,Silent,Morning,Introvert,Agadir
c8eP0dEJwH3Pi7a014,"['Photography', 'History', 'Outdoor activities', 'Parenting and family']",Worker,Silent,Morning,Introvert,Casablanca
unEDvYjE7GtlKDV133,"['Movies', 'Gaming']",Worker,Noisy,Morning,Introvert,Oujda
yQD34HfbNFJpCAW070,"['Social causes and activism', 'Health and wellness']",Student,Silent,Morning,Extrovert,Marrakech
EZrNqgLCvzDhzfR172,['Social causes and activism'],Worker,Silent,Morning,Extrovert,Fes
nQmZoz5AaqO83pP105,"['Politics', 'Finance and investments']",Worker,Noisy,Night,Introvert,Agadir
6xzrUhwTqUgOEQb174,['Nature'],Student,Noisy,Night,Extrovert,Fes
G7fbeWTyA2TGuMp103,"['Pets', 'Finance and investments', 'Outdoor activities', 'Travel']",Worker,Silent,Morning,Introvert,Marrakech
SPsbla08aQJjdoK073,"['Beauty', 'Science', 'Parenting and family']",Student,Silent,Morning,Introvert,Tangier
sPKjFMopaCq89Hy105,"['Travel', 'Cooking']",Student,Silent,Night,Introvert,Marrakech
EqIUB0AWs7YOPSt127,['Health and wellness'],Worker,Noisy,Night,Introvert,Marrakech
MoyVhQfqN5Y64cr110,"['Photography', 'History', 'Food and dining']",Worker,Noisy,Morning,Extrovert,Oujda
vLNarECtsm5VXLc137,"['History', 'Cooking', 'Social causes and activism', 'Gaming']",Worker,Noisy,Morning,Extrovert,Rabat
loWk0TQz7i5T3hp088,"['History', 'Fashion', 'Books']",Worker,Noisy,Morning,Extrovert,Agadir
zXXMCaxkBj4ZgwQ159,"['Business and entrepreneurship', 'Science', 'Photography']",Worker,Noisy,Night,Extrovert,Oujda
uvTuntK3gB6bfWk117,['Politics'],Student,Silent,Morning,Extrovert,Rabat
OBe2mw04aLN7K3g999,"['Gardening', 'Parenting and family', 'Fitness']",Student,Noisy,Night,Extrovert,Oujda
ZVB8xsiNdI7EMKP117,"['Fitness', 'Finance and investments']",Student,Noisy,Night,Extrovert,Fes
wEawJJj1flFOaKB080,"['Cars and automobiles', 'Movies', 'Outdoor activities', 'Gaming']",Student,Noisy,Morning,Introvert,Casablanca
dzao8n3xbVDrNAE089,"['Education and learning', 'Science']",Student,Noisy,Night,Extrovert,Fes
GWMns4Dn3Vjsh4r094,['Food and dining'],Student,Noisy,Morning,Extrovert,Agadir
vRUzdDjGiLuwofN172,"['Parenting and family', 'Nature', 'Social causes and activism', 'Fitness']",Student,Silent,Morning,Extrovert,Marrakech
tr7XYQCDpNaJpr4125,"['Nature', 'Science']",Student,Noisy,Morning,Extrovert,Rabat
T4tPadM30yBysqP097,"['Beauty', 'Food and dining']",Worker,Noisy,Morning,Extrovert,Agadir
TPh5PJ0CJHKCWhE074,"['Politics', 'Beauty']",Student,Silent,Morning,Extrovert,Oujda
rWID1IFy9MCuCKh091,['Business and entrepreneurship'],Worker,Noisy,Night,Introvert,Fes
WMb5Q8PEKnPyjQa111,"['Finance and investments', 'Beauty', 'Politics']",Worker,Silent,Night,Introvert,Rabat
MCKuEDIu5ya5Ms5072,"['Movies', 'Fitness', 'Travel', 'Art']",Worker,Noisy,Morning,Extrovert,Agadir
ZDomb0SQY8HmMzH125,"['Health and wellness', 'Art']",Worker,Silent,Morning,Introvert,Fes
qmnNse0flAfXlG2080,['Pets'],Worker,Silent,Night,Introvert,Fes
Kt8okMOG2KZjPbP111,"['Travel', 'History', 'Photography']",Student,Noisy,Morning,Introvert,Fes
aMhJqyRoYN6RNwX175,"['Parenting and family', 'Movies']",Student,Silent,Morning,Extrovert,Fes
7uKZv9Pw9CawfZu136,"['Gardening', 'Technology']",Worker,Silent,Morning,Introvert,Casablanca
dqL0W6vDYZ8YWBh117,"['Parenting and family', 'Technology']",Student,Noisy,Morning,Introvert,Rabat
MIdm6xmHcIBupRc106,"['Education and learning', 'Nature', 'DIY and crafts']",Worker,Silent,Morning,Extrovert,Rabat
hV6smWP7fXwFQBe125,"['History', 'Gardening']",Student,Silent,Morning,Introvert,Rabat
VnxzpLAWN0z1YWY180,['Travel'],Worker,Noisy,Night,Introvert,Fes
KwE08Bs1ohC7D4N004,['Business and entrepreneurship'],Worker,Silent,Night,Extrovert,Agadir
kXTZmhVxFQBSgGr184,"['Gaming', 'Art']",Student,Noisy,Night,Extrovert,Fes
TCn0tcq6YIDdqBz098,"['Sports', 'Movies', 'Photography']",Worker,Silent,Morning,Introvert,Marrakech
P9onAkb5IwturFS117,"['Sports', 'DIY and crafts', 'Pets', 'Movies']",Student,Silent,Morning,Extrovert,Tangier
KBv9DKYTaM2Dnjr094,"['DIY and crafts', 'Business and entrepreneurship', 'Finance and investments', 'Business and entrepreneurship']",Worker,Silent,Night,Introvert,Casablanca
tLCpgpfmwv8q09A085,"['Sports', 'Gaming']",Worker,Silent,Morning,Introvert,Fes
dfUJPuVRhZAayeV166,"['Gardening', 'Pets', 'Gaming', 'Cars and automobiles']",Worker,Noisy,Night,Introvert,Tangier
ojSdm8KzbIMMIIZ131,"['Education and learning', 'Politics']",Worker,Silent,Night,Introvert,Oujda
L6AmEXu7SzQmSbw136,"['Fitness', 'Movies']",Student,Silent,Morning,Extrovert,Fes
bB7ZK9WSJ0FnkE9050,['Books'],Worker,Silent,Morning,Extrovert,Casablanca
9roT9bX9aNWeLaj084,"['Pets', 'Parenting and family']",Worker,Silent,Night,Extrovert,Rabat
EAchHx5nNEI3yjH070,"['Politics', 'Sports', 'Photography']",Student,Noisy,Night,Introvert,Marrakech
JCV6AYLjAHMj6NA070,"['Beauty', 'Movies', 'Movies', 'Outdoor activities']",Worker,Noisy,Night,Extrovert,Agadir
cadNv9fRlJXuYa6104,"['Cooking', 'Outdoor activities', 'Fitness', 'Social causes and activism']",Worker,Silent,Morning,Introvert,Agadir
ZFGRjT3aN5aVXos119,['Sports'],Worker,Silent,Night,Introvert,Rabat
KuFgkn2cYSnHygx141,"['Health and wellness', 'Movies']",Worker,Noisy,Morning,Introvert,Marrakech
73KG70aA9EGvzEx015,"['Gardening', 'Social causes and activism', 'DIY and crafts', 'Pets']",Student,Silent,Morning,Introvert,Tangier
sET25YQmBPmasJC098,['Gardening'],Student,Noisy,Morning,Extrovert,Tangier
J4bRtTeogbzgVyI136,"['Art', 'Fashion', 'Pets', 'Health and wellness']",Student,Noisy,Morning,Extrovert,Tangier
ZDkSH1TkQGbBH0x088,"['Sports', 'Business and entrepreneurship']",Student,Silent,Morning,Introvert,Fes
Ol1xfqTSQB7iCXP120,"['Food and dining', 'Pets', 'Finance and investments']",Student,Noisy,Night,Extrovert,Agadir
WHLtpGCqOobHbH9109,['Business and entrepreneurship'],Student,Noisy,Night,Extrovert,Agadir
YwqMfxOyimW7sq0164,['Sports'],Worker,Silent,Night,Introvert,Marrakech
1MBWQKRNmgCAlS4086,['Pets'],Student,Silent,Night,Extrovert,Rabat
GrB09QMuOs8bR3r066,"['Art', 'Fashion']",Worker,Noisy,Night,Extrovert,Marrakech
TSVgzWIGZvwVnyA226,"['Pets', 'Gardening', 'Business and entrepreneurship']",Student,Silent,Night,Introvert,Tangier
6A1FIOt8m9GKtlW057,"['DIY and crafts', 'Parenting and family']",Student,Silent,Night,Extrovert,Marrakech
aX1hOMPBfmWNnTD118,"['Music', 'Gardening']",Worker,Silent,Morning,Extrovert,Fes
w0wCEuumnwp4vo4119,"['Gaming', 'Gardening', 'Photography']",Student,Noisy,Night,Introvert,Tangier
ensyTn9qDubA99D085,"['Parenting and family', 'Art']",Worker,Silent,Morning,Introvert,Tangier
QbOM2J4d2Boq9vi039,"['Movies', 'Fashion']",Worker,Noisy,Night,Extrovert,Tangier
WcuL8egclj8bwW8080,"['Travel', 'Sports', 'History', 'Travel']",Student,Silent,Morning,Extrovert,Casablanca
EfVC4vfxzHOrsHV152,"['Nature', 'Health and wellness', 'Politics']",Student,Silent,Night,Introvert,Fes
eq6iMVLwfaXHNTz150,"['Beauty', 'Politics', 'Music']",Student,Silent,Morning,Extrovert,Oujda
d0xgOB0CGOjY4hc039,"['Social causes and activism', 'Beauty', 'Gaming']",Worker,Noisy,Morning,Introvert,Agadir
sOWPWt6k2poTBWy164,"['Science', 'Fashion', 'Education and learning', 'Cooking']",Worker,Noisy,Night,Extrovert,Rabat
wCK8Kckhm6QiIat081,"['Education and learning', 'Cars and automobiles']",Student,Silent,Morning,Introvert,Fes
s1MoGG0hXiQIaQA076,"['Gaming', 'DIY and crafts', 'Technology', 'Fashion']",Worker,Noisy,Morning,Extrovert,Marrakech
1uZk0VJDvdd7E3I045,"['Cooking', 'Books']",Worker,Silent,Morning,Introvert,Oujda
c99KbdBJLqlQX7L063,"['Gaming', 'Movies', 'Parenting and family']",Student,Noisy,Night,Extrovert,Agadir
yXEYHstU1nKk9fN141,"['DIY and crafts', 'Cars and automobiles']",Worker,Noisy,Morning,Introvert,Oujda
xDu3uVUrW3FqH4E112,"['Sports', 'Travel']",Worker,Noisy,Morning,Extrovert,Rabat
hCbQWmD1gDC65Qf031,"['Beauty', 'Travel', 'Fashion', 'Nature']",Student,Noisy,Morning,Introvert,Rabat
sJye4aMHLkTnkEy127,"['Beauty', 'Gardening', 'Travel']",Student,Silent,Morning,Extrovert,Casablanca
E42w3hZIvhodsei074,"['Technology', 'Social causes and activism', 'Movies', 'Books']",Worker,Silent,Morning,Introvert,Marrakech
qJvorJluwW70zal145,"['Fashion', 'History', 'DIY and crafts']",Student,Silent,Night,Extrovert,Fes
VtTWGs11fYlSvVK158,"['Cars and automobiles', 'Cooking', 'Food and dining', 'Books']",Student,Silent,Night,Extrovert,Fes
DIgk0vZmaKRIMRN120,['Beauty'],Worker,Noisy,Night,Extrovert,Agadir
r81ZQCPAuFkJPTe107,"['Science', 'Sports']",Student,Silent,Morning,Extrovert,Rabat
rVtEpAcjkODDIif113,"['Gaming', 'Fitness']",Worker,Silent,Morning,Extrovert,Oujda
gFDUuuJFnbM98WA094,['DIY and crafts'],Worker,Silent,Morning,Introvert,Casablanca
jXLlDiL2DrtJyin129,"['Photography', 'Music']",Worker,Silent,Night,Introvert,Rabat
1wR7lyp3XHjZUXQ147,"['Nature', 'Movies', 'Books', 'Gaming']",Worker,Noisy,Night,Extrovert,Rabat
bvmoDi5AHC1kChn047,"['Social causes and activism', 'Fitness', 'Movies']",Worker,Silent,Night,Introvert,Fes
H8b8WRySQKkJVXW157,"['Business and entrepreneurship', 'Art']",Worker,Noisy,Morning,Introvert,Tangier
jykmtYNXnFnSFaG169,"['Science', 'Gardening', 'Art']",Worker,Silent,Morning,Extrovert,Oujda
CRwofTxKfFDMZLr165,"['Pets', 'Gardening', 'Travel', 'Gardening']",Worker,Silent,Morning,Extrovert,Rabat
ExyRTwUfq5R4flD136,"['Pets', 'Nature', 'Cars and automobiles']",Student,Noisy,Morning,Extrovert,Oujda
Hr0KGTLY1XEleKW110,"['Music', 'Books']",Student,Silent,Morning,Introvert,Casablanca
4Nw7swwRL7LXwF9120,"['DIY and crafts', 'Parenting and family', 'Sports', 'Education and learning']",Student,Noisy,Morning,Extrovert,Rabat
QW9uY1bLqqBeKiq116,"['Social causes and activism', 'Art', 'History', 'Beauty']",Worker,Silent,Morning,Extrovert,Marrakech
AIpOjYPOqa19sIA092,"['History', 'Sports', 'Music']",Worker,Silent,Night,Introvert,Rabat
56m0TEtCuWGtgPt098,"['Health and wellness', 'Social causes and activism', 'Education and learning', 'Music']",Student,Noisy,Morning,Extrovert,Rabat
yTsUosEEXgI0lmH146,['Beauty'],Student,Silent,Night,Introvert,Tangier
p28sXvRBaMT3IMb084,['History'],Worker,Silent,Night,Introvert,Tangier
6upKkYLypApo1cf113,['Politics'],Worker,Noisy,Night,Introvert,Rabat
KjKuqqJgejLdjPo136,['Books'],Worker,Noisy,Night,Extrovert,Agadir
SwnhOzFG5leBmyt144,"['Beauty', 'Finance and investments', 'Fashion', 'Cooking']",Worker,Noisy,Night,Extrovert,Fes
Z36W22Boiz8w4BL027,"['Gaming', 'Pets', 'Parenting and family']",Worker,Noisy,Night,Extrovert,Casablanca
dtXPNghjkZVzr0j160,"['Nature', 'Art', 'Music', 'Education and learning']",Student,Silent,Night,Extrovert,Marrakech
6ue5okEdURSi5CH067,"['Fashion', 'Fashion', 'Social causes and activism', 'Fashion']",Worker,Noisy,Night,Introvert,Marrakech
3coZMY9YjgwaBcw116,"['Photography', 'Finance and investments', 'Movies', 'History']",Worker,Silent,Morning,Extrovert,Casablanca
LoQBG38tuEsGvjn110,['Books'],Student,Noisy,Morning,Introvert,Casablanca
N2dDr2wjOHWfPmC089,"['Food and dining', 'Technology', 'Music', 'Cooking']",Worker,Noisy,Night,Introvert,Agadir
4v6GaWX77xNHaDY073,"['Business and entrepreneurship', 'Technology', 'Pets']",Student,Noisy,Night,Introvert,Tangier
UkR7fgWq1cAgmK2060,"['Cooking', 'Beauty', 'Social causes and activism', 'DIY and crafts']",Worker,Noisy,Night,Extrovert,Fes
him86IfKojbnvoB078,['Education and learning'],Worker,Noisy,Night,Extrovert,Marrakech
sq1nlSwD7tJ5H5a061,['Sports'],Worker,Noisy,Night,Extrovert,Tangier
9k7KYhgtA80X5ok042,['Fitness'],Student,Noisy,Night,Introvert,Agadir
xVOCby5nN6FqIPy131,['Music'],Student,Silent,Night,Introvert,Rabat
zODvXS2divrpuhI163,"['Technology', 'Nature', 'Education and learning']",Worker,Noisy,Morning,Introvert,Marrakech
fxvtdlrDno7Bz93098,"['Cooking', 'Fashion']",Student,Noisy,Night,Introvert,Casablanca
TAlxbdNNdcjzBaj107,"['Sports', 'History']",Worker,Silent,Night,Introvert,Rabat
Rocf4vVm8mNlF6H082,"['Pets', 'Education and learning']",Worker,Silent,Morning,Extrovert,Agadir
KVWeHIqCtQyjRTs187,"['DIY and crafts', 'Pets', 'Photography', 'Cooking']",Worker,Noisy,Morning,Extrovert,Tangier
4XdqGJtetCwzxF9130,"['Parenting and family', 'Outdoor activities', 'Food and dining', 'Parenting and family']",Student,Noisy,Morning,Introvert,Casablanca
RPkk8euT7ooMcj5090,"['Social causes and activism', 'Beauty', 'Outdoor activities']",Worker,Noisy,Night,Extrovert,Casablanca
RS1kRCl9LF0P1V7035,['Photography'],Worker,Noisy,Night,Introvert,Oujda
2TPplO8S8X3lYFx106,"['Movies', 'Outdoor activities', 'Pets', 'Sports']",Student,Silent,Morning,Introvert,Fes
mbp93vn3gr4NpaX062,['Travel'],Worker,Silent,Morning,Introvert,Oujda
8wA17n7ROu4AKY1021,"['Movies', 'History', 'Politics', 'Movies']",Worker,Silent,Night,Extrovert,Tangier
IPH2eeV6hJJDVWs097,"['Fitness', 'Sports', 'Fashion']",Worker,Noisy,Morning,Extrovert,Rabat
HoXEz2HzxpEYwgw181,"['Cars and automobiles', 'Politics', 'Pets', 'Music']",Worker,Silent,Night,Extrovert,Agadir
VaKrp5PLghuEWLI130,"['Fashion', 'Nature', 'Cooking', 'Cooking']",Student,Noisy,Morning,Introvert,Casablanca
le0JuL4hmq6nZLA073,"['Food and dining', 'Photography', 'Travel', 'Business and entrepreneurship']",Student,Silent,Night,Extrovert,Fes
QXZC0QJO4WlmhMJ123,"['History', 'Parenting and family', 'Finance and investments']",Worker,Noisy,Night,Introvert,Oujda
AgMzZyGUReRatAA150,"['Finance and investments', 'Cars and automobiles', 'Fitness']",Worker,Silent,Morning,Extrovert,Agadir
arNWm1Eq0EQVfd9067,"['Travel', 'Beauty']",Worker,Silent,Night,Introvert,Marrakech
ffmjb65yXb3Ji7D028,"['Fitness', 'Art']",Student,Silent,Morning,Introvert,Fes
Zw2OD43IQndRPk9071,['Books'],Student,Silent,Night,Introvert,Marrakech
4YQ3lA8eGHX46DB010,['Travel'],Worker,Noisy,Night,Introvert,Marrakech
NWSmIvxpMxjHHsq199,"['Pets', 'Parenting and family', 'Beauty', 'Pets']",Worker,Noisy,Night,Introvert,Fes
BffgxVgoQUfUfCe128,"['Fitness', 'Beauty', 'Music', 'Food and dining']",Student,Noisy,Morning,Extrovert,Rabat
MfE3OOT1cTtH5Fr070,"['Business and entrepreneurship', 'Parenting and family']",Worker,Silent,Morning,Extrovert,Tangier
U3yAHG4PnNIXkbS106,"['Cars and automobiles', 'Science']",Worker,Silent,Morning,Introvert,Fes
RCimpwytNGMMysM191,"['Fashion', 'Gardening', 'Politics']",Worker,Noisy,Night,Extrovert,Fes
ckktgOFBqtaeHwE114,"['Gardening', 'Pets', 'Books', 'Pets']",Worker,Noisy,Morning,Introvert,Marrakech
SfP1soPCHKSVDgO125,"['Cars and automobiles', 'Nature', 'Fitness']",Worker,Silent,Night,Extrovert,Oujda
QPJtFDtmHR10zQj114,"['Travel', 'Music', 'Outdoor activities', 'Fitness']",Worker,Silent,Morning,Introvert,Fes
dl5nEQDR07Kk9Zh047,"['Books', 'Fitness', 'Photography', 'Music']",Student,Noisy,Morning,Introvert,Oujda
7RJQaqBECbnTYVP123,['Education and learning'],Worker,Noisy,Night,Extrovert,Fes
OZUH1xjehMmtcuW155,"['Education and learning', 'Travel']",Worker,Noisy,Morning,Introvert,Agadir
sjWFUQBjLNY4Sx7141,['Fashion'],Worker,Silent,Night,Extrovert,Marrakech
YiwafpywzQ1vgOB162,"['Gardening', 'Business and entrepreneurship', 'Music']",Worker,Silent,Morning,Extrovert,Casablanca
WtkvN4XSD48ki14058,['Gaming'],Student,Silent,Morning,Introvert,Casablanca
aW1hSyDL7LJE26W054,"['Travel', 'Health and wellness']",Student,Silent,Night,Extrovert,Casablanca
DcRtFsJr9pvcUPp145,['Sports'],Student,Silent,Morning,Extrovert,Rabat
1yF7beCwMRBDVuS099,['DIY and crafts'],Student,Silent,Night,Extrovert,Fes
SVaXo8SqDjMUYE4135,['Business and entrepreneurship'],Worker,Noisy,Night,Introvert,Rabat
XL9iC4tIJycMgT1081,['Business and entrepreneurship'],Worker,Silent,Night,Introvert,Casablanca
ApBSB0yRm9mwXw1101,['Gaming'],Student,Silent,Night,Extrovert,Marrakech
APNCUmRH0t3bEGZ085,"['History', 'Science', 'Movies', 'Fitness']",Worker,Noisy,Morning,Extrovert,Agadir
WlMCD8KECJ2QFgG059,"['Art', 'Business and entrepreneurship', 'DIY and crafts']",Student,Noisy,Morning,Introvert,Fes
ZaF9710cG6R87fT973,"['DIY and crafts', 'Photography']",Worker,Silent,Morning,Extrovert,Oujda
K0jGX6lPbRF8dsk066,"['Food and dining', 'Pets']",Worker,Silent,Morning,Introvert,Fes
DvNQ6h9ammoTuQe113,['Outdoor activities'],Worker,Silent,Morning,Introvert,Fes
DFVaLtvSvAvRsaA150,['Outdoor activities'],Student,Silent,Night,Extrovert,Casablanca
gEsd7UHjL1Ci95P032,"['Music', 'Photography', 'Music', 'Fashion']",Worker,Noisy,Night,Extrovert,Rabat
2Kc9hE12OLD0tlr002,"['Pets', 'Social causes and activism', 'Business and entrepreneurship', 'Technology']",Student,Noisy,Night,Introvert,Marrakech
kDRf860ZsgFkhHh058,['Cooking'],Student,Noisy,Night,Extrovert,Tangier
1HTxeJgAtaSma6B066,['Fitness'],Worker,Noisy,Night,Introvert,Casablanca
6UKuZGGgDD5sbzi103,['Business and entrepreneurship'],Student,Noisy,Night,Extrovert,Oujda
jISM5wXf8S0IFSe087,"['Finance and investments', 'Fitness', 'Politics', 'Books']",Worker,Noisy,Night,Introvert,Rabat
NcKmvpIDHS9RjWb125,"['Science', 'Gardening']",Student,Silent,Night,Introvert,Oujda
NxOk7PRTdiSNe8f118,['DIY and crafts'],Worker,Noisy,Night,Introvert,Marrakech
w6YOu0aevrDFKkY121,['Travel'],Student,Noisy,Night,Introvert,Rabat
ChXr8tJEhCCJM0f067,"['Cars and automobiles', 'Beauty', 'Politics']",Student,Silent,Morning,Extrovert,Fes
st3F1hkc4Pexvwd081,['Books'],Student,Silent,Morning,Extrovert,Fes
zDL1jHtcB16yVQ9062,"['Politics', 'Travel']",Student,Noisy,Morning,Introvert,Fes
OhXDwWDY9bxhSHA141,"['Cooking', 'Outdoor activities']",Worker,Silent,Night,Extrovert,Casablanca
Uko6LGvMtz8uG3e109,"['Gaming', 'Gardening', 'Fitness']",Worker,Noisy,Morning,Introvert,Rabat
sCZ5loE8xFoQqZz152,"['Nature', 'Cars and automobiles', 'Books', 'Technology']",Worker,Silent,Night,Extrovert,Casablanca
3PQmCwOlcLbzc9n099,"['Travel', 'Art']",Worker,Noisy,Night,Extrovert,Marrakech
GzTI4tKf9iCCgzR106,"['Nature', 'Gaming', 'Technology', 'Science']",Worker,Silent,Morning,Introvert,Rabat
fCMsiWFsPdCTBos137,"['Beauty', 'Technology', 'Education and learning', 'Finance and investments']",Worker,Silent,Night,Extrovert,Fes
CjAXkJjOiHUHQXi140,"['Beauty', 'Business and entrepreneurship', 'Fitness']",Worker,Noisy,Night,Extrovert,Agadir
pJOUbv8Axu9K2TC097,"['Pets', 'History', 'Photography']",Worker,Silent,Morning,Introvert,Marrakech
cXO8teqel3akfFg071,"['Fitness', 'Food and dining', 'Parenting and family', 'Health and wellness']",Worker,Silent,Night,Extrovert,Casablanca
0zKgWLJ6uZPc8Ge093,"['Gaming', 'Art', 'Fitness', 'Health and wellness']",Worker,Noisy,Night,Extrovert,Agadir
U3vhqFt7ACMrsfp108,"['Politics', 'Gaming']",Worker,Silent,Night,Extrovert,Rabat
rO0TnnQEmFKUabO116,['Science'],Student,Silent,Morning,Extrovert,Marrakech
jp2WxdSlYnD3e6Y104,"['DIY and crafts', 'Sports', 'Beauty', 'History']",Student,Silent,Night,Introvert,Fes
Rtd0R0e2IC8hfcz026,"['Parenting and family', 'Science', 'Education and learning']",Worker,Noisy,Night,Introvert,Fes
1JThwnunRe2YFSo129,"['Politics', 'Food and dining', 'Books']",Worker,Noisy,Morning,Introvert,Marrakech
odrvFMUymnZshRe187,"['Fashion', 'Outdoor activities']",Worker,Noisy,Night,Extrovert,Oujda
WKTaWEpy8pOeDkF133,"['DIY and crafts', 'History']",Worker,Noisy,Morning,Extrovert,Agadir
qvfdroVxQ1xNgeF146,"['Business and entrepreneurship', 'Fashion', 'Photography', 'Art']",Student,Noisy,Night,Introvert,Agadir
2bW36f3Mm9veVHJ027,"['Pets', 'Cars and automobiles', 'Technology', 'Movies']",Student,Noisy,Night,Introvert,Marrakech
tqfA41Bt9hI20qV018,"['Technology', 'Art', 'Fashion']",Student,Noisy,Morning,Extrovert,Fes
D4f7ssgMs0s3rH4030,"['Health and wellness', 'Sports', 'Education and learning']",Worker,Noisy,Night,Extrovert,Rabat
6RNujsVY9Cs4Um1101,['Business and entrepreneurship'],Worker,Noisy,Morning,Extrovert,Oujda
krff7kCNDUM9zVF105,"['Finance and investments', 'Social causes and activism', 'DIY and crafts']",Worker,Noisy,Night,Introvert,Marrakech
CLhrhKnE3I1LyhR083,"['History', 'Gardening']",Worker,Noisy,Morning,Extrovert,Fes
E7WCyJXKzcBYQm0122,"['Books', 'Photography']",Student,Silent,Night,Extrovert,Oujda
xvZecpg5sJZvQ9g146,"['Science', 'DIY and crafts', 'Fitness']",Worker,Silent,Morning,Introvert,Oujda
oJbklGCJcDLoNVC103,"['Nature', 'Fitness', 'Social causes and activism']",Student,Silent,Night,Introvert,Rabat
ksRgF0kGb9Bb2fl026,"['Fitness', 'Music', 'Fitness']",Worker,Noisy,Morning,Introvert,Oujda
LB8YKGdUZPMTaAm124,"['Parenting and family', 'Food and dining', 'Books']",Student,Silent,Night,Introvert,Fes
vWZodPHV2gEnJoX157,['Technology'],Worker,Silent,Morning,Introvert,Oujda
LZfps34acbctwGG080,"['Finance and investments', 'Books']",Worker,Silent,Night,Extrovert,Tangier
uRjz8GlNfs5nGsx138,['Cars and automobiles'],Worker,Silent,Morning,Extrovert,Rabat
djEQSYmxN3grf56088,"['Pets', 'Movies', 'Gardening']",Worker,Noisy,Morning,Extrovert,Rabat
WOuQaM5IM5HdEJ5066,['Gaming'],Worker,Noisy,Night,Extrovert,Rabat
ZqSJZ1zTqnJVGWs201,['Health and wellness'],Worker,Noisy,Morning,Introvert,Rabat
ifd8hStSuqw14zR115,"['Gardening', 'Parenting and family', 'Fashion']",Student,Noisy,Morning,Introvert,Marrakech
An2dhincpP7Fd4E025,['DIY and crafts'],Worker,Noisy,Night,Introvert,Agadir
AOrZIkU73q65ZcP080,['Fashion'],Worker,Silent,Morning,Introvert,Agadir
lsAJXpKHK9VULx5133,"['Fitness', 'Business and entrepreneurship']",Student,Noisy,Morning,Extrovert,Tangier
laYpiZNOARCIdSC135,['Fitness'],Student,Silent,Night,Introvert,Fes
YarZQIf2ei92qH3053,['Cars and automobiles'],Worker,Silent,Morning,Extrovert,Fes
y6zdIyDoRdIl9TP130,['Finance and investments'],Worker,Noisy,Morning,Extrovert,Rabat
NsFHRAQ9IaPvDYH121,"['Fitness', 'Nature', 'Parenting and family']",Student,Silent,Night,Extrovert,Marrakech
nwTfr57Ua199Emd036,"['Photography', 'Outdoor activities', 'Gardening']",Student,Noisy,Morning,Extrovert,Tangier
ER9vf5F6527FmK4973,['Photography'],Student,Silent,Morning,Introvert,Oujda
8SyLIxj61OC9sAE062,"['Fashion', 'Fashion', 'Music']",Worker,Noisy,Night,Introvert,Rabat
RVlclQ3t61e9dh4024,"['Movies', 'Cars and automobiles', 'Food and dining']",Student,Noisy,Night,Extrovert,Oujda
ocJkzEa97S3Hrlu080,"['Beauty', 'Fashion']",Worker,Silent,Night,Introvert,Fes
2L1YUeb1rkz3b4h021,"['Health and wellness', 'Cooking', 'Gaming', 'Movies']",Student,Noisy,Night,Introvert,Tangier
IgYG3CbYrIzgDB9084,"['Cars and automobiles', 'Books', 'Parenting and family']",Student,Noisy,Morning,Introvert,Casablanca
GfPcDSplUmzuTiE158,['Beauty'],Worker,Noisy,Morning,Introvert,Marrakech
M7HIdSP9j6ZeN0l054,"['Nature', 'Education and learning', 'Social causes and activism', 'Travel']",Student,Silent,Night,Introvert,Oujda
fWoBQIcKkGVWtUi159,"['Business and entrepreneurship', 'Nature']",Worker,Noisy,Morning,Extrovert,Oujda
N91yTnRHxn6m71L066,"['DIY and crafts', 'Pets', 'Nature', 'Education and learning']",Worker,Noisy,Morning,Extrovert,Agadir
HrlO1MyvAjUEcqF121,"['Finance and investments', 'Fashion']",Student,Noisy,Morning,Extrovert,Rabat
