Email,Last Name,Sexe,Situation,Interests,Sleep Schedule,Noise,Personality Type,School,Work Place,Home City,Smoker,Pets,First Name,Property Type Preference
jesse.lawhorn@gmail.com,Lawhorn,Female,Worker,Art; Cars and automobiles; Fashion,Morning,Noisy,Introvert,ENA,TAMTAM,Casablanca,1,1,Jesse,
stacy.payne@gmail.com,Payne,Female,Student,Food and dining; Gaming; Sports,Night,Silent,Extrovert,ENSAM,OREIVATON,Casablanca,0,0,Stacy,
katrina.nicewander@gmail.com,Nicewander,Female,Worker,Cooking; Gaming; Parenting and family,Night,Silent,Introvert,EST,AKKODIS,Tangier,0,0,Katrina,
eric.yarbrough@gmail.com,Yarbrough,Male,Worker,Books; Finance and investments,Night,Silent,Extrovert,ENSAM,ORANGE,Agadir,0,0,Eric,
daniel.adkins@gmail.com,Adkins,Female,Student,DIY and crafts; History; Pets,Night,Silent,Extrovert,FSSM,NEMO,Agadir,0,1,Daniel,
diane.jara@gmail.com,Jara,Male,Student,Books; Movies; Science,Night,Noisy,Extrovert,ENCG,TAMTAM,Oujda,0,1,Diane,
sheryl.morgan@gmail.com,Morgan,Female,Student,Parenting and family,Morning,Silent,Introvert,ENSIAS,IAM,Agadir,0,0,Sheryl,
william.harper@gmail.com,Harper,Male,Student,Cooking,Morning,Silent,Introvert,ENSIAS,VISEO,Agadir,0,1,William,
virginia.varron@gmail.com,Varron,Male,Student,Fitness; Outdoor activities; Parenting and family; Photography,Morning,Noisy,Extrovert,ENA,AMAZON,Tangier,1,1,Virginia,
charles.figueroa@gmail.com,Figueroa,Female,Worker,Fashion; Nature; Science; Social causes and activism,Morning,Noisy,Extrovert,EMI,ADRIA,Rabat,0,1,Charles,
paul.chain@gmail.com,Chain,Male,Worker,Fashion; Movies,Morning,Noisy,Introvert,ENA,LEYTON,Casablanca,1,0,Paul,
christina.parker@gmail.com,Parker,Female,Student,Education and learning; Photography; Technology,Night,Noisy,Introvert,ENA,AKKODIS,Tangier,0,1,Christina,
jack.freeman@gmail.com,Freeman,Male,Worker,Business and entrepreneurship,Night,Noisy,Introvert,ENA,ORANGE,Tangier,0,1,Jack,
wayne.fasano@gmail.com,Fasano,Male,Worker,Cooking; Politics,Morning,Noisy,Introvert,ENCG,ADRIA,Tangier,1,0,Wayne,
homer.maxwell@gmail.com,Maxwell,Male,Worker,Business and entrepreneurship; Health and wellness; History; Technology,Morning,Silent,Introvert,ENSIAS,AMAZON,Casablanca,0,1,Homer,
frank.holmes@gmail.com,Holmes,Female,Student,Business and entrepreneurship; Education and learning; Movies; Music,Morning,Silent,Extrovert,ENA,NBS,Marrakech,0,0,Frank,
donald.zeller@gmail.com,Zeller,Male,Student,Movies; Nature,Morning,Noisy,Introvert,FST,OCTO,Casablanca,1,0,Donald,
sheldon.wentz@gmail.com,Wentz,Female,Student,Cars and automobiles; Social causes and activism,Night,Silent,Introvert,ENSIAS,AKKODIS,Casablanca,0,0,Sheldon,
isabel.williams@gmail.com,Williams,Male,Student,Finance and investments; Nature; Politics; Technology,Morning,Noisy,Introvert,ENSIAS,OCTO,Casablanca,1,0,Isabel,
cody.watson@gmail.com,Watson,Female,Worker,Cars and automobiles,Morning,Silent,Extrovert,ENSAM,CAPGEMININ,Rabat,0,1,Cody,
doris.vinci@gmail.com,Vinci,Male,Worker,Cars and automobiles; Education and learning,Night,Silent,Extrovert,EST,ADRIA,Agadir,0,1,Doris,
bobby.christensen@gmail.com,Christensen,Male,Worker,Books,Morning,Noisy,Introvert,ENSA-M,ORANGE,Tangier,1,1,Bobby,
william.richardson@gmail.com,Richardson,Female,Student,Technology,Night,Noisy,Introvert,EST,AMAZON,Oujda,0,0,William,
hester.avery@gmail.com,Avery,Female,Student,Art; Business and entrepreneurship; History; History,Morning,Noisy,Extrovert,FSSM,REETAIN,Oujda,0,0,Hester,
ruth.burns@gmail.com,Burns,Male,Worker,Beauty; Business and entrepreneurship; Education and learning; Technology,Morning,Silent,Introvert,ENA,OREIVATON,Tangier,0,1,Ruth,
william.pitman@gmail.com,Pitman,Female,Student,Art,Morning,Noisy,Extrovert,ENA,OCTO,Rabat,1,1,William,
darrell.prendergast@gmail.com,Prendergast,Female,Student,Business and entrepreneurship; Business and entrepreneurship; Fitness; Movies,Morning,Silent,Introvert,FSSM,IAM,Rabat,0,0,Darrell,
manuel.helton@gmail.com,Helton,Male,Student,Gaming; Outdoor activities,Morning,Silent,Extrovert,FSSM,IAM,Tangier,1,0,Manuel,
rena.wild@gmail.com,Wild,Male,Worker,Books; Politics; Science,Morning,Noisy,Introvert,ENCG,NEMO,Marrakech,0,1,Rena,
marilyn.mahan@gmail.com,Mahan,Male,Student,Finance and investments; Parenting and family,Night,Silent,Extrovert,EMI,IAM,Tangier,0,0,Marilyn,
david.coleman@gmail.com,Coleman,Female,Student,Fashion; History; Nature,Morning,Noisy,Extrovert,ENCG,NORSYS,Tangier,0,0,David,
steven.hille@gmail.com,Hille,Male,Student,Movies; Movies,Morning,Noisy,Introvert,ENSIAS,NBS,Marrakech,0,1,Steven,
joyce.lashley@gmail.com,Lashley,Male,Student,DIY and crafts; Travel,Morning,Silent,Introvert,FST,TAMTAM,Oujda,0,1,Joyce,
christian.kim@gmail.com,Kim,Female,Worker,Health and wellness; Science,Night,Silent,Extrovert,ENCG,ORANGE,Marrakech,0,0,Christian,
manuel.strickland@gmail.com,Strickland,Female,Worker,Cars and automobiles; Pets; Science,Morning,Noisy,Extrovert,ENA,SIWAY,Rabat,1,0,Manuel,
erica.dilks@gmail.com,Dilks,Female,Worker,Art; Cooking; Food and dining; Photography,Morning,Noisy,Extrovert,FSSM,OREIVATON,Casablanca,0,1,Erica,
justin.gallant@gmail.com,Gallant,Male,Worker,Beauty; Gaming,Night,Noisy,Extrovert,FSSM,NBS,Marrakech,1,1,Justin,
christopher.martin@gmail.com,Martin,Male,Student,Cooking; Music; Sports; Travel,Morning,Silent,Extrovert,ENSAM,INWI,Rabat,1,1,Christopher,
robert.ross@gmail.com,Ross,Male,Worker,Music,Night,Silent,Extrovert,ENSIAS,ADRIA,Casablanca,1,0,Robert,
laurie.mcgee@gmail.com,Mcgee,Male,Student,Fashion,Morning,Noisy,Introvert,ENSAM,ORANGE,Rabat,0,1,Laurie,
carrie.bruner@gmail.com,Bruner,Female,Student,Education and learning; Photography,Morning,Noisy,Extrovert,EMI,ORANGE,Marrakech,0,0,Carrie,
diana.french@gmail.com,French,Female,Worker,Outdoor activities,Night,Noisy,Introvert,ENA,AKKODIS,Agadir,0,0,Diana,
arthur.quezada@gmail.com,Quezada,Male,Worker,Business and entrepreneurship; Business and entrepreneurship; Cooking; Education and learning,Morning,Noisy,Introvert,EMI,CAPGEMININ,Tangier,0,0,Arthur,
william.putnam@gmail.com,Putnam,Female,Worker,Food and dining,Morning,Noisy,Extrovert,ENCG,REETAIN,Rabat,0,0,William,
heidi.morrow@gmail.com,Morrow,Female,Worker,Movies; Technology; Travel; Travel,Night,Silent,Introvert,FST,ORANGE,Agadir,1,1,Heidi,
teofila.harris@gmail.com,Harris,Female,Student,Food and dining; Movies; Photography,Night,Noisy,Extrovert,ENSAM,VISEO,Oujda,0,1,Teofila,
crystal.summy@gmail.com,Summy,Male,Worker,Art; Music,Night,Noisy,Extrovert,ENSIAS,NEMO,Agadir,1,1,Crystal,
brenda.gegenheimer@gmail.com,Gegenheimer,Male,Student,History; Social causes and activism,Morning,Noisy,Extrovert,EMI,VISEO,Marrakech,0,1,Brenda,
joshua.morgan@gmail.com,Morgan,Female,Worker,Fashion; Health and wellness; Movies,Night,Noisy,Introvert,ENSIAS,VISEO,Tangier,0,0,Joshua,
cynthia.avellino@gmail.com,Avellino,Female,Worker,Gaming; Pets,Night,Noisy,Extrovert,ENSAM,ADRIA,Tangier,0,1,Cynthia,
michael.fairbanks@gmail.com,Fairbanks,Female,Student,Pets,Night,Silent,Introvert,ENSA-M,IAM,Tangier,1,0,Michael,
audrey.hollenbeck@gmail.com,Hollenbeck,Male,Worker,Books; Business and entrepreneurship; Fitness; Sports,Night,Silent,Extrovert,ENA,ADRIA,Oujda,0,0,Audrey,
james.vazquez@gmail.com,Vazquez,Female,Student,Beauty,Morning,Silent,Introvert,FSSM,TAMTAM,Agadir,0,0,James,
carita.scott@gmail.com,Scott,Male,Student,Finance and investments; History; Technology,Night,Silent,Extrovert,ENSA-M,NEMO,Casablanca,1,1,Carita,
david.haden@gmail.com,Haden,Male,Worker,Gaming; History; Technology,Morning,Noisy,Introvert,ENSAM,OCTO,Oujda,0,0,David,
richard.dickson@gmail.com,Dickson,Female,Student,Nature; Technology; Travel,Night,Silent,Introvert,EST,TAMTAM,Casablanca,1,1,Richard,
richard.soto@gmail.com,Soto,Male,Worker,Fitness; Music; Social causes and activism; Social causes and activism,Night,Noisy,Extrovert,FST,LEYTON,Marrakech,1,1,Richard,
verda.barry@gmail.com,Barry,Female,Student,Fashion; Food and dining; History,Night,Silent,Extrovert,ENSA-M,INWI,Casablanca,1,0,Verda,
charles.xiong@gmail.com,Xiong,Female,Worker,History; Science,Night,Silent,Extrovert,EMI,AKKODIS,Rabat,1,0,Charles,
jacqueline.watkins@gmail.com,Watkins,Male,Worker,Pets,Morning,Noisy,Introvert,EMI,REETAIN,Rabat,0,0,Jacqueline,
angel.barnes@gmail.com,Barnes,Male,Worker,Art; Art; Business and entrepreneurship; Travel,Night,Noisy,Introvert,FSSM,SIWAY,Tangier,0,0,Angel,
karla.williams@gmail.com,Williams,Male,Worker,Cars and automobiles; Fitness,Morning,Silent,Extrovert,ENA,ORANGE,Marrakech,1,0,Karla,
dorothy.cheng@gmail.com,Cheng,Male,Student,Gardening,Night,Noisy,Introvert,ENSAM,AKKODIS,Agadir,0,1,Dorothy,
eric.rice@gmail.com,Rice,Male,Student,Parenting and family,Night,Noisy,Introvert,FSSM,CAPGEMININ,Casablanca,1,0,Eric,
jane.blackwell@gmail.com,Blackwell,Female,Worker,Music,Morning,Noisy,Extrovert,ENSIAS,ORANGE,Rabat,1,1,Jane,
blanche.demby@gmail.com,Demby,Male,Worker,Business and entrepreneurship; DIY and crafts; Sports,Morning,Noisy,Introvert,ENSA-M,LEYTON,Oujda,1,1,Blanche,
julie.allen@gmail.com,Allen,Male,Student,Science,Night,Silent,Extrovert,ENA,TAMTAM,Agadir,1,0,Julie,
lori.montague@gmail.com,Montague,Male,Worker,Beauty; Nature,Night,Silent,Extrovert,ENA,INWI,Casablanca,1,0,Lori,
david.gibson@gmail.com,Gibson,Male,Worker,Art; Food and dining,Morning,Noisy,Extrovert,ENSIAS,SIWAY,Marrakech,0,1,David,
joseph.sherman@gmail.com,Sherman,Male,Student,Cars and automobiles; Pets; Politics,Night,Noisy,Introvert,ENCG,NBS,Marrakech,1,1,Joseph,
ted.blackwell@gmail.com,Blackwell,Male,Worker,Cars and automobiles,Night,Noisy,Extrovert,FSSM,TAMTAM,Marrakech,1,0,Ted,
jared.howard@gmail.com,Howard,Male,Worker,Cooking; Cooking; Parenting and family; Technology,Night,Noisy,Extrovert,ENSA-M,IAM,Tangier,0,0,Jared,
charles.mccall@gmail.com,Mccall,Female,Student,DIY and crafts; Gaming,Night,Silent,Introvert,FSSM,OREIVATON,Oujda,1,1,Charles,
lawrence.johnson@gmail.com,Johnson,Female,Student,DIY and crafts; Fashion; Movies; Science,Morning,Noisy,Extrovert,ENSAM,CAPGEMININ,Tangier,0,1,Lawrence,
michael.gamble@gmail.com,Gamble,Male,Worker,DIY and crafts; Movies; Music; Travel,Morning,Silent,Introvert,FSSM,REETAIN,Tangier,1,0,Michael,
lucy.lea@gmail.com,Lea,Male,Worker,Fitness; Parenting and family; Science,Night,Silent,Introvert,ENA,NEMO,Marrakech,1,0,Lucy,
candy.camacho@gmail.com,Camacho,Female,Worker,Sports,Night,Silent,Extrovert,EMI,CAPGEMININ,Oujda,0,1,Candy,
david.nguyen@gmail.com,Nguyen,Female,Student,Beauty; Beauty; DIY and crafts; Travel,Morning,Silent,Extrovert,ENSA-M,ADRIA,Tangier,1,0,David,
naomi.wallace@gmail.com,Wallace,Male,Worker,Books; Food and dining,Night,Noisy,Introvert,ENA,SIWAY,Rabat,0,0,Naomi,
maragaret.ellis@gmail.com,Ellis,Female,Worker,Beauty; Music,Morning,Noisy,Extrovert,ENSIAS,OREIVATON,Casablanca,1,0,Maragaret,
andrew.jimenes@gmail.com,Jimenes,Female,Student,Art; DIY and crafts; Sports,Morning,Noisy,Introvert,EMI,LEYTON,Casablanca,1,0,Andrew,
rebekah.tiger@gmail.com,Tiger,Male,Student,Education and learning; Nature; Outdoor activities,Night,Silent,Introvert,ENSIAS,INWI,Tangier,0,0,Rebekah,
henry.lebowitz@gmail.com,Lebowitz,Female,Worker,Cooking; Education and learning; Finance and investments; Fitness,Morning,Noisy,Extrovert,ENSIAS,NEMO,Agadir,0,0,Henry,
rosa.perez@gmail.com,Perez,Male,Worker,Technology,Morning,Silent,Extrovert,ENSA-M,NBS,Oujda,1,0,Rosa,
john.greene@gmail.com,Greene,Male,Worker,Health and wellness; Photography; Travel,Morning,Silent,Extrovert,ENSA-M,CAPGEMININ,Agadir,1,0,John,
michelle.mayhew@gmail.com,Mayhew,Female,Worker,Movies; Social causes and activism; Sports; Technology,Morning,Silent,Extrovert,ENCG,NBS,Tangier,0,1,Michelle,
david.prunty@gmail.com,Prunty,Female,Worker,Art; Gaming,Night,Silent,Extrovert,EMI,REETAIN,Oujda,0,0,David,
sheryl.godfrey@gmail.com,Godfrey,Female,Student,Fitness; Gardening; Gardening; Technology,Morning,Silent,Extrovert,FST,AMAZON,Marrakech,1,0,Sheryl,
juan.martinez@gmail.com,Martinez,Male,Worker,Beauty,Night,Noisy,Extrovert,ENSAM,TAMTAM,Tangier,0,1,Juan,
anna.bolton@gmail.com,Bolton,Male,Student,Health and wellness; Sports; Travel,Night,Silent,Extrovert,ENSIAS,IAM,Casablanca,0,1,Anna,
lorraine.bolt@gmail.com,Bolt,Female,Student,Beauty; Food and dining; History,Night,Noisy,Extrovert,ENSIAS,NORSYS,Rabat,1,1,Lorraine,
karen.silkenson@gmail.com,Silkenson,Female,Worker,Movies; Parenting and family,Night,Noisy,Extrovert,EMI,VISEO,Rabat,1,0,Karen,
valerie.webb@gmail.com,Webb,Female,Worker,Food and dining; Politics,Night,Silent,Extrovert,ENCG,AKKODIS,Marrakech,0,1,Valerie,
carmen.blackburn@gmail.com,Blackburn,Male,Worker,Business and entrepreneurship; Finance and investments; Health and wellness,Morning,Noisy,Extrovert,ENSIAS,CAPGEMININ,Rabat,1,0,Carmen,
anna.whitfield@gmail.com,Whitfield,Female,Worker,Gaming; Parenting and family,Night,Silent,Introvert,EST,INWI,Marrakech,1,0,Anna,
lynn.edmiston@gmail.com,Edmiston,Female,Worker,Health and wellness; History,Morning,Noisy,Extrovert,EST,TAMTAM,Casablanca,0,1,Lynn,
nanci.sabatino@gmail.com,Sabatino,Female,Worker,Finance and investments; Nature,Night,Noisy,Introvert,EST,SIWAY,Tangier,1,1,Nanci,
beverly.rash@gmail.com,Rash,Male,Student,Movies; Music,Night,Noisy,Extrovert,ENA,LEYTON,Rabat,1,1,Beverly,
felecia.windham@gmail.com,Windham,Male,Student,DIY and crafts; Gardening,Night,Silent,Extrovert,ENSIAS,OCTO,Tangier,1,0,Felecia,
connie.turner@gmail.com,Turner,Female,Student,Business and entrepreneurship; Food and dining; Technology,Morning,Silent,Extrovert,ENSAM,NEMO,Rabat,1,0,Connie,
arthur.pranger@gmail.com,Pranger,Female,Student,Books; Travel,Night,Noisy,Introvert,ENCG,OCTO,Marrakech,0,1,Arthur,
william.seidman@gmail.com,Seidman,Female,Student,Art; Gardening,Night,Silent,Extrovert,ENCG,INWI,Rabat,1,1,William,
thomas.montgomery@gmail.com,Montgomery,Male,Worker,Music,Morning,Silent,Extrovert,FST,ADRIA,Marrakech,1,0,Thomas,
ericka.griffis@gmail.com,Griffis,Female,Worker,Nature; Photography,Morning,Noisy,Introvert,FSSM,REETAIN,Rabat,0,0,Ericka,
edna.kimbrough@gmail.com,Kimbrough,Female,Student,Fitness; Movies,Morning,Noisy,Extrovert,ENCG,NORSYS,Agadir,1,0,Edna,
john.watts@gmail.com,Watts,Female,Worker,Gardening; Pets; Photography; Photography,Night,Noisy,Extrovert,ENSAM,LEYTON,Rabat,0,0,John,
lisa.blackwell@gmail.com,Blackwell,Male,Student,Beauty; Food and dining; Parenting and family; Technology,Morning,Noisy,Extrovert,ENSA-M,TAMTAM,Agadir,0,0,Lisa,
david.pugh@gmail.com,Pugh,Male,Worker,Music; Social causes and activism,Morning,Noisy,Introvert,FST,SIWAY,Marrakech,1,1,David,
austin.smith@gmail.com,Smith,Female,Worker,Art; Beauty; Business and entrepreneurship; Fashion,Night,Noisy,Extrovert,ENSAM,OCTO,Agadir,1,1,Austin,
charles.hughes@gmail.com,Hughes,Male,Worker,Cars and automobiles; DIY and crafts,Night,Silent,Extrovert,ENSAM,OREIVATON,Rabat,0,0,Charles,
john.hendrickson@gmail.com,Hendrickson,Male,Student,Education and learning; Fitness; Health and wellness,Morning,Noisy,Introvert,EST,ORANGE,Rabat,0,1,John,
edwin.frantz@gmail.com,Frantz,Male,Worker,Music; Nature; Nature,Morning,Silent,Extrovert,EMI,ORANGE,Rabat,0,1,Edwin,
michael.paquette@gmail.com,Paquette,Female,Student,Gardening,Night,Silent,Extrovert,ENSA-M,ADRIA,Oujda,1,1,Michael,
barry.small@gmail.com,Small,Male,Worker,Beauty; Social causes and activism,Night,Noisy,Introvert,FSSM,NEMO,Casablanca,1,0,Barry,
ana.moore@gmail.com,Moore,Female,Worker,Business and entrepreneurship; Health and wellness; Outdoor activities; Outdoor activities,Night,Silent,Introvert,FST,ADRIA,Oujda,1,0,Ana,
karen.draper@gmail.com,Draper,Female,Student,Fashion; Music; Politics; Technology,Night,Noisy,Extrovert,ENCG,NORSYS,Oujda,1,0,Karen,
shelby.barnes@gmail.com,Barnes,Male,Worker,Parenting and family; Sports; Travel,Morning,Noisy,Extrovert,ENCG,ADRIA,Oujda,0,1,Shelby,
john.tackett@gmail.com,Tackett,Female,Worker,Health and wellness; Parenting and family,Morning,Noisy,Extrovert,ENSAM,IAM,Oujda,1,1,John,
rhonda.adam@gmail.com,Adam,Female,Student,DIY and crafts; Fashion; Sports,Morning,Noisy,Introvert,FSSM,SIWAY,Rabat,0,0,Rhonda,
charles.garrett@gmail.com,Garrett,Male,Student,Business and entrepreneurship; Fitness; Social causes and activism,Morning,Silent,Introvert,ENSAM,OCTO,Marrakech,0,0,Charles,
dawn.diaz@gmail.com,Diaz,Male,Student,Books,Morning,Silent,Extrovert,ENA,NEMO,Rabat,1,1,Dawn,
lela.burns@gmail.com,Burns,Male,Student,Beauty; Business and entrepreneurship; Business and entrepreneurship; Parenting and family,Night,Noisy,Extrovert,FSSM,ADRIA,Marrakech,1,0,Lela,
charles.murillo@gmail.com,Murillo,Male,Student,Education and learning; History; Photography; Social causes and activism,Night,Silent,Extrovert,ENSAM,NEMO,Casablanca,1,0,Charles,
bonnie.labree@gmail.com,Labree,Male,Student,Food and dining; History,Morning,Silent,Introvert,EST,REETAIN,Agadir,0,1,Bonnie,
trinidad.eastman@gmail.com,Eastman,Female,Worker,Art,Morning,Noisy,Introvert,ENCG,OCTO,Agadir,1,0,Trinidad,
angelica.walker@gmail.com,Walker,Female,Worker,Beauty; DIY and crafts,Morning,Noisy,Introvert,FST,ORANGE,Oujda,1,1,Angelica,
charles.martin@gmail.com,Martin,Female,Student,Gaming; Sports,Night,Silent,Extrovert,FST,TAMTAM,Agadir,1,1,Charles,
terry.herald@gmail.com,Herald,Male,Student,Beauty; Gaming; Science,Night,Silent,Extrovert,EST,NBS,Marrakech,1,0,Terry,
lilian.davis@gmail.com,Davis,Female,Student,Books; Cars and automobiles; Finance and investments,Night,Silent,Introvert,FSSM,TAMTAM,Oujda,1,0,Lilian,
benjamin.stewart@gmail.com,Stewart,Male,Student,Business and entrepreneurship; Food and dining; Pets; Photography,Night,Silent,Extrovert,ENA,NEMO,Tangier,0,1,Benjamin,
manuel.amato@gmail.com,Amato,Male,Student,Gardening,Morning,Silent,Extrovert,ENSA-M,AKKODIS,Tangier,1,1,Manuel,
william.ashford@gmail.com,Ashford,Male,Worker,Cars and automobiles; Movies; Outdoor activities; Sports,Morning,Silent,Introvert,ENSIAS,INWI,Tangier,1,1,William,
felix.davis@gmail.com,Davis,Female,Worker,Cars and automobiles; Cooking; DIY and crafts,Morning,Noisy,Extrovert,ENSIAS,OCTO,Rabat,1,1,Felix,
maggie.jess@gmail.com,Jess,Male,Worker,Parenting and family; Politics,Morning,Silent,Introvert,ENCG,SIWAY,Oujda,1,0,Maggie,
dorothy.dominguez@gmail.com,Dominguez,Male,Student,Art; Photography; Technology,Night,Noisy,Extrovert,FSSM,AKKODIS,Agadir,1,0,Dorothy,
anthony.bell@gmail.com,Bell,Male,Worker,Business and entrepreneurship; Parenting and family; Technology,Morning,Noisy,Extrovert,ENA,AKKODIS,Tangier,0,0,Anthony,
robert.douglas@gmail.com,Douglas,Female,Student,DIY and crafts; Food and dining; Gardening; Travel,Morning,Silent,Extrovert,ENSAM,TAMTAM,Marrakech,0,0,Robert,
ivan.mcnelis@gmail.com,Mcnelis,Male,Student,Cooking; Fashion; Nature; Science,Night,Silent,Introvert,ENSA-M,REETAIN,Oujda,0,0,Ivan,
april.thomas@gmail.com,Thomas,Male,Worker,Business and entrepreneurship,Night,Noisy,Extrovert,FST,IAM,Casablanca,1,0,April,
amy.baker@gmail.com,Baker,Male,Worker,Beauty; DIY and crafts; Outdoor activities; Politics,Night,Noisy,Extrovert,ENA,NBS,Tangier,1,0,Amy,
curt.anderson@gmail.com,Anderson,Male,Worker,Books; Politics,Night,Silent,Introvert,EMI,LEYTON,Tangier,1,1,Curt,
kevin.dempsey@gmail.com,Dempsey,Male,Worker,Technology,Morning,Silent,Introvert,ENSAM,SIWAY,Casablanca,0,0,Kevin,
emilia.hermanson@gmail.com,Hermanson,Male,Worker,Art; Business and entrepreneurship; Cars and automobiles; Politics,Morning,Noisy,Extrovert,ENCG,VISEO,Casablanca,0,1,Emilia,
billie.esser@gmail.com,Esser,Male,Student,Travel,Night,Noisy,Introvert,FSSM,NEMO,Marrakech,1,0,Billie,
ronald.stello@gmail.com,Stello,Female,Student,Nature; Technology,Night,Silent,Extrovert,FSSM,CAPGEMININ,Casablanca,0,1,Ronald,
james.ortiz@gmail.com,Ortiz,Female,Student,Finance and investments; Parenting and family; Parenting and family,Night,Silent,Introvert,FST,VISEO,Marrakech,1,1,James,
gerardo.moran@gmail.com,Moran,Female,Worker,Gardening; Politics,Night,Silent,Introvert,FST,OREIVATON,Oujda,1,0,Gerardo,
bryon.martin@gmail.com,Martin,Male,Student,Business and entrepreneurship; Travel,Morning,Silent,Introvert,FSSM,IAM,Tangier,1,1,Bryon,
randolph.villani@gmail.com,Villani,Male,Student,Finance and investments; Nature; Technology,Morning,Noisy,Extrovert,EST,IAM,Agadir,1,0,Randolph,
lee.patterson@gmail.com,Patterson,Male,Worker,History; Parenting and family,Morning,Silent,Introvert,ENA,IAM,Agadir,1,0,Lee,
julia.corso@gmail.com,Corso,Female,Student,Business and entrepreneurship; Cars and automobiles,Night,Noisy,Introvert,FST,OCTO,Rabat,1,0,Julia,
ray.dudley@gmail.com,Dudley,Female,Student,Education and learning; Politics,Night,Silent,Extrovert,FST,CAPGEMININ,Tangier,0,1,Ray,
lenora.woo@gmail.com,Woo,Male,Student,Music; Technology; Technology; Technology,Morning,Silent,Extrovert,ENSAM,AMAZON,Oujda,1,1,Lenora,
benjamin.smith@gmail.com,Smith,Female,Worker,Books; Science,Morning,Noisy,Introvert,ENCG,IAM,Tangier,0,0,Benjamin,
elnora.douglas@gmail.com,Douglas,Female,Student,Art; Health and wellness; Music; Travel,Night,Noisy,Introvert,ENA,ORANGE,Marrakech,1,1,Elnora,
patricia.jackson@gmail.com,Jackson,Female,Student,Finance and investments; Politics,Morning,Noisy,Extrovert,FSSM,ORANGE,Marrakech,1,1,Patricia,
esther.bradley@gmail.com,Bradley,Male,Worker,Books; Science; Science,Morning,Silent,Extrovert,FST,TAMTAM,Rabat,0,1,Esther,
thomas.driscoll@gmail.com,Driscoll,Female,Worker,Cars and automobiles,Morning,Noisy,Extrovert,ENSAM,OCTO,Marrakech,0,1,Thomas,
evelyn.reeves@gmail.com,Reeves,Male,Worker,Cars and automobiles; Gardening; Movies,Morning,Noisy,Introvert,ENSIAS,REETAIN,Oujda,1,1,Evelyn,
salina.day@gmail.com,Day,Male,Student,Beauty; Outdoor activities,Morning,Noisy,Extrovert,FSSM,CAPGEMININ,Rabat,1,1,Salina,
larry.rogers@gmail.com,Rogers,Male,Worker,Fitness,Morning,Noisy,Introvert,ENCG,LEYTON,Agadir,1,0,Larry,
kevin.washington@gmail.com,Washington,Male,Student,Food and dining; History; Movies; Politics,Night,Noisy,Extrovert,ENA,INWI,Marrakech,1,0,Kevin,
marjorie.leatherwood@gmail.com,Leatherwood,Female,Student,Beauty; Nature; Photography,Night,Silent,Introvert,FSSM,NBS,Oujda,0,0,Marjorie,
linsey.gannon@gmail.com,Gannon,Female,Student,Beauty; Photography,Morning,Noisy,Introvert,FST,IAM,Marrakech,1,0,Linsey,
teresa.johnson@gmail.com,Johnson,Female,Worker,Business and entrepreneurship; Cars and automobiles; Fashion; Sports,Night,Noisy,Introvert,ENSAM,LEYTON,Oujda,0,1,Teresa,
isaac.jackson@gmail.com,Jackson,Male,Student,Art; Business and entrepreneurship; Politics; Technology,Night,Silent,Extrovert,ENSA-M,LEYTON,Marrakech,0,0,Isaac,
virginia.curtis@gmail.com,Curtis,Female,Student,Cars and automobiles; Finance and investments; Parenting and family,Morning,Noisy,Extrovert,ENCG,AKKODIS,Marrakech,0,1,Virginia,
jacob.wright@gmail.com,Wright,Male,Worker,DIY and crafts; DIY and crafts; Gardening,Morning,Silent,Extrovert,ENSA-M,REETAIN,Oujda,0,0,Jacob,
edward.miller@gmail.com,Miller,Male,Worker,Fitness; Gaming; Travel,Night,Noisy,Extrovert,ENCG,REETAIN,Oujda,1,1,Edward,
arthur.nace@gmail.com,Nace,Male,Student,Cars and automobiles; Gaming; History; History,Night,Noisy,Extrovert,ENSIAS,NBS,Rabat,0,1,Arthur,
victoria.duncan@gmail.com,Duncan,Female,Worker,Beauty; Sports,Night,Silent,Extrovert,FST,VISEO,Tangier,0,1,Victoria,
ruth.blackman@gmail.com,Blackman,Male,Worker,Art; Books; Education and learning,Morning,Noisy,Introvert,FST,SIWAY,Rabat,0,0,Ruth,
robert.murray@gmail.com,Murray,Female,Student,Fashion; Finance and investments,Morning,Silent,Extrovert,ENSA-M,LEYTON,Marrakech,0,0,Robert,
maxine.meza@gmail.com,Meza,Male,Worker,Cooking; Education and learning; Fashion; Photography,Night,Noisy,Extrovert,ENA,NEMO,Casablanca,0,1,Maxine,
joanne.perritt@gmail.com,Perritt,Male,Worker,Cars and automobiles; Cooking; Outdoor activities; Technology,Morning,Noisy,Introvert,FST,ADRIA,Rabat,1,1,Joanne,
regina.washington@gmail.com,Washington,Male,Worker,Politics,Morning,Silent,Extrovert,ENCG,AKKODIS,Rabat,0,0,Regina,
bessie.freeman@gmail.com,Freeman,Female,Worker,Fashion; Fitness; Science,Morning,Silent,Introvert,ENSAM,IAM,Oujda,0,0,Bessie,
kristy.spindler@gmail.com,Spindler,Female,Student,Art; Movies,Night,Silent,Extrovert,ENSAM,NBS,Casablanca,0,0,Kristy,
